Issue Key,Project,Issue Type,Summary,Description,Priority,Severity,Labels,Root Cause,Status,Resolution,Assignee,Reporter,Created,Updated,Resolution Date,Sprint
QA-101,QA Defects,Bug,Page load takes more than 10 seconds,Steps: Click logout. Expected: User should be redirected. Actual: Page loads slowly.,Medium,Blocker,Performance,Code Bug,Open,,Jane Smith,Test Engineer,2024-01-01,2024-01-07,,Sprint 1 (2024)
QA-102,QA Defects,Bug,Dropdown options missing in settings,Steps: Click logout. Expected: Response should be 200 OK. Actual: Page loads slowly.,Low,Blocker,UI,Configuration Issue,Open,,Jane Smith,Automation Bot,2024-01-02,2024-01-03,2024-01-17,Sprint 1 (2024)
QA-103,QA Defects,Bug,Login button not responsive,Steps: Click logout. Expected: Response should be 200 OK. Actual: 500 error returned.,Low,Minor,UI,Configuration Issue,Open,Cannot Reproduce,Mark Lee,QA Tester,2024-01-03,2024-01-12,2024-01-22,Sprint 1 (2024)
QA-104,QA Defects,Bug,Cache not refreshed after deployment,Steps: Navigate to dashboard. Expected: Response should be 200 OK. Actual: Incorrect message displayed.,Medium,Critical,DevOps,Configuration Issue,In Progress,Duplicate,Mark Lee,Automation Bot,2024-01-04,2024-01-06,,Sprint 1 (2024)
QA-105,QA Defects,Bug,UI alignment issue on mobile view,Steps: Navigate to dashboard. Expected: Data should be saved. Actual: Page loads slowly.,High,Major,UI,Configuration Issue,In Progress,Duplicate,John Doe,QA Tester,2024-01-05,2024-01-07,,Sprint 1 (2024)
QA-106,QA Defects,Bug,Login button not responsive,Steps: Submit form. Expected: System should work correctly. Actual: System crashes.,Medium,Blocker,UI,Memory Leak,Open,,Alice Brown,QA Tester,2024-01-06,2024-01-07,2024-01-20,Sprint 1 (2024)
QA-107,QA Defects,Bug,Chart rendering breaks on dashboard,Steps: Open app. Expected: System should work correctly. Actual: 500 error returned.,Low,Blocker,General Code Defect,Configuration Issue,Open,,Jane Smith,Automation Bot,2024-01-08,2024-01-15,2024-01-16,Sprint 1 (2024)
QA-108,QA Defects,Bug,Chart rendering breaks on dashboard,Steps: Open app. Expected: Response should be 200 OK. Actual: Incorrect message displayed.,High,Blocker,General Code Defect,Environment Issue,Closed,Fixed,Mark Lee,QA Tester,2024-01-09,2024-01-11,,Sprint 1 (2024)
QA-109,QA Defects,Bug,Memory leak observed under load test,Steps: Call API endpoint. Expected: Response should be 200 OK. Actual: Data not saved.,Medium,Major,Performance,Performance Issue,Open,Fixed,Jane Smith,Test Engineer,2024-01-10,2024-01-11,,Sprint 1 (2024)
QA-110,QA Defects,Bug,Incorrect calculation in reporting module,Steps: Click logout. Expected: User should be redirected. Actual: 500 error returned.,Medium,Minor,Reporting,Performance Issue,Resolved,Won't Fix,Alice Brown,Test Engineer,2024-01-11,2024-01-14,2024-01-18,Sprint 1 (2024)
QA-111,QA Defects,Bug,Incorrect calculation in reporting module,Steps: Call API endpoint. Expected: Data should be saved. Actual: Incorrect message displayed.,Medium,Critical,Reporting,Test Data Issue,Closed,Cannot Reproduce,Jane Smith,QA Tester,2024-01-12,2024-01-19,2024-01-28,Sprint 1 (2024)
QA-112,QA Defects,Bug,Incorrect error message shown on invalid input,Steps: Call API endpoint. Expected: User should be redirected. Actual: Incorrect message displayed.,Medium,Critical,Validation,Environment Issue,Closed,,John Doe,Automation Bot,2024-01-13,2024-01-17,,Sprint 1 (2024)
QA-113,QA Defects,Bug,Cross-site scripting vulnerability in comments,Steps: Click logout. Expected: Response should be 200 OK. Actual: Data not saved.,High,Major,General Code Defect,Memory Leak,Resolved,,Alice Brown,Automation Bot,2024-01-15,2024-01-20,,Sprint 2 (2024)
QA-114,QA Defects,Bug,API returns 500 error on valid request,Steps: Click logout. Expected: Response should be 200 OK. Actual: Page loads slowly.,Low,Blocker,API,Memory Leak,Open,,Mark Lee,Test Engineer,2024-01-16,2024-01-21,2024-02-02,Sprint 2 (2024)
QA-115,QA Defects,Bug,Chart rendering breaks on dashboard,Steps: Submit form. Expected: Data should be saved. Actual: System crashes.,Medium,Minor,General Code Defect,Code Bug,Open,Fixed,Bob Johnson,Test Engineer,2024-01-17,2024-01-18,,Sprint 2 (2024)
QA-116,QA Defects,Bug,Export to CSV generates empty file,Steps: Open app. Expected: Data should be saved. Actual: Data not saved.,Low,Critical,Data Handling,Configuration Issue,In Progress,,Mark Lee,Test Engineer,2024-01-18,2024-01-19,,Sprint 2 (2024)
QA-117,QA Defects,Bug,Cache not refreshed after deployment,Steps: Click logout. Expected: Response should be 200 OK. Actual: Incorrect message displayed.,High,Blocker,DevOps,Code Bug,Resolved,Duplicate,John Doe,QA Tester,2024-01-19,2024-01-26,2024-01-31,Sprint 2 (2024)
QA-118,QA Defects,Bug,Dropdown options missing in settings,Steps: Call API endpoint. Expected: System should work correctly. Actual: 500 error returned.,High,Minor,UI,Configuration Issue,Resolved,Fixed,Alice Brown,Automation Bot,2024-01-20,2024-01-23,2024-01-27,Sprint 2 (2024)
QA-119,QA Defects,Bug,User roles not applied correctly after update,Steps: Open app. Expected: Response should be 200 OK. Actual: Data not saved.,Medium,Critical,General Code Defect,Memory Leak,Resolved,Duplicate,Jane Smith,Automation Bot,2024-01-22,2024-01-29,2024-02-01,Sprint 2 (2024)
QA-120,QA Defects,Bug,SQL query takes too long to execute,Steps: Open app. Expected: System should work correctly. Actual: 500 error returned.,Medium,Critical,Database,Environment Issue,Closed,Cannot Reproduce,Mark Lee,Automation Bot,2024-01-23,2024-02-01,,Sprint 2 (2024)
QA-121,QA Defects,Bug,UI alignment issue on mobile view,Steps: Submit form. Expected: Response should be 200 OK. Actual: 500 error returned.,High,Major,UI,Memory Leak,Resolved,Fixed,Bob Johnson,Test Engineer,2024-01-24,2024-02-01,2024-02-11,Sprint 2 (2024)
QA-122,QA Defects,Bug,SQL query takes too long to execute,Steps: Call API endpoint. Expected: Data should be saved. Actual: Data not saved.,High,Major,Database,Configuration Issue,In Progress,Cannot Reproduce,Jane Smith,Automation Bot,2024-01-25,2024-01-30,2024-02-03,Sprint 2 (2024)
QA-123,QA Defects,Bug,Search results not displayed correctly,Steps: Call API endpoint. Expected: System should work correctly. Actual: Page loads slowly.,Medium,Minor,Data Handling,Memory Leak,In Progress,Cannot Reproduce,Bob Johnson,QA Tester,2024-01-26,2024-01-30,,Sprint 2 (2024)
QA-124,QA Defects,Bug,Memory leak observed under load test,Steps: Click logout. Expected: System should work correctly. Actual: System crashes.,Low,Major,Performance,Performance Issue,In Progress,Duplicate,Alice Brown,Test Engineer,2024-01-27,2024-02-05,2024-02-18,Sprint 2 (2024)
QA-125,QA Defects,Bug,Chart rendering breaks on dashboard,Steps: Navigate to dashboard. Expected: Response should be 200 OK. Actual: System crashes.,High,Critical,General Code Defect,Code Bug,In Progress,Won't Fix,Mark Lee,Automation Bot,2024-01-29,2024-02-07,2024-02-16,Sprint 3 (2024)
QA-126,QA Defects,Bug,Search results not displayed correctly,Steps: Submit form. Expected: User should be redirected. Actual: System crashes.,High,Blocker,Data Handling,Environment Issue,Resolved,Cannot Reproduce,Alice Brown,QA Tester,2024-01-30,2024-01-31,2024-02-06,Sprint 3 (2024)
QA-127,QA Defects,Bug,Page load takes more than 10 seconds,Steps: Navigate to dashboard. Expected: Data should be saved. Actual: 500 error returned.,High,Major,Performance,Environment Issue,Closed,,Alice Brown,Test Engineer,2024-01-31,2024-02-06,2024-02-21,Sprint 3 (2024)
QA-128,QA Defects,Bug,UI alignment issue on mobile view,Steps: Navigate to dashboard. Expected: Data should be saved. Actual: Data not saved.,Medium,Major,UI,Performance Issue,Open,Fixed,Bob Johnson,Test Engineer,2024-02-01,2024-02-05,2024-02-07,Sprint 3 (2024)
QA-129,QA Defects,Bug,User roles not applied correctly after update,Steps: Call API endpoint. Expected: Response should be 200 OK. Actual: Data not saved.,High,Blocker,General Code Defect,Test Data Issue,Resolved,Cannot Reproduce,Jane Smith,Automation Bot,2024-02-02,2024-02-10,2024-02-21,Sprint 3 (2024)
QA-130,QA Defects,Bug,API returns 500 error on valid request,Steps: Call API endpoint. Expected: Response should be 200 OK. Actual: Data not saved.,High,Critical,API,Environment Issue,Resolved,Cannot Reproduce,Jane Smith,Automation Bot,2024-02-03,2024-02-08,2024-02-15,Sprint 3 (2024)
QA-131,QA Defects,Bug,Dropdown options missing in settings,Steps: Navigate to dashboard. Expected: Data should be saved. Actual: 500 error returned.,High,Blocker,UI,Memory Leak,Closed,Duplicate,Mark Lee,Automation Bot,2024-02-05,2024-02-13,2024-02-15,Sprint 3 (2024)
QA-132,QA Defects,Bug,UI alignment issue on mobile view,Steps: Call API endpoint. Expected: Data should be saved. Actual: 500 error returned.,Medium,Critical,UI,Environment Issue,In Progress,Fixed,Jane Smith,Test Engineer,2024-02-06,2024-02-15,2024-02-22,Sprint 3 (2024)
QA-133,QA Defects,Bug,File upload fails for large files,Steps: Call API endpoint. Expected: Data should be saved. Actual: Page loads slowly.,Medium,Minor,Performance,Performance Issue,Closed,Duplicate,John Doe,Test Engineer,2024-02-07,2024-02-14,,Sprint 3 (2024)
QA-134,QA Defects,Bug,Application crashes on logout,Steps: Navigate to dashboard. Expected: User should be redirected. Actual: Data not saved.,Low,Minor,Logging,Memory Leak,Resolved,Cannot Reproduce,John Doe,Automation Bot,2024-02-08,2024-02-11,2024-02-12,Sprint 3 (2024)
QA-135,QA Defects,Bug,Memory leak observed under load test,Steps: Click logout. Expected: Data should be saved. Actual: Data not saved.,High,Minor,Performance,Memory Leak,Closed,Cannot Reproduce,Bob Johnson,Test Engineer,2024-02-09,2024-02-10,2024-02-17,Sprint 3 (2024)
QA-136,QA Defects,Bug,Page load takes more than 10 seconds,Steps: Open app. Expected: System should work correctly. Actual: System crashes.,Low,Minor,Performance,Memory Leak,In Progress,Cannot Reproduce,John Doe,QA Tester,2024-02-11,2024-02-19,2024-03-05,Sprint 3 (2024)
QA-137,QA Defects,Bug,Login button not responsive,Steps: Navigate to dashboard. Expected: Response should be 200 OK. Actual: Page loads slowly.,Medium,Critical,UI,Code Bug,Closed,Won't Fix,Mark Lee,Automation Bot,2024-02-12,2024-02-14,2024-02-27,Sprint 4 (2024)
QA-138,QA Defects,Bug,Data not saved to database after form submit,Steps: Call API endpoint. Expected: Response should be 200 OK. Actual: Page loads slowly.,High,Minor,Database,Test Data Issue,Closed,Won't Fix,Mark Lee,Test Engineer,2024-02-13,2024-02-18,2024-02-24,Sprint 4 (2024)
QA-139,QA Defects,Bug,Incorrect error message shown on invalid input,Steps: Navigate to dashboard. Expected: System should work correctly. Actual: 500 error returned.,High,Minor,Validation,Memory Leak,Closed,Fixed,Alice Brown,QA Tester,2024-02-14,2024-02-19,2024-03-02,Sprint 4 (2024)
QA-140,QA Defects,Bug,Chart rendering breaks on dashboard,Steps: Call API endpoint. Expected: Data should be saved. Actual: System crashes.,Low,Blocker,General Code Defect,Memory Leak,In Progress,Won't Fix,Jane Smith,Automation Bot,2024-02-15,2024-02-16,,Sprint 4 (2024)
QA-141,QA Defects,Bug,File upload fails for large files,Steps: Open app. Expected: Response should be 200 OK. Actual: Page loads slowly.,Low,Critical,Performance,Code Bug,Open,,Mark Lee,Automation Bot,2024-02-16,2024-02-23,2024-02-24,Sprint 4 (2024)
QA-142,QA Defects,Bug,Application crashes on logout,Steps: Submit form. Expected: Response should be 200 OK. Actual: System crashes.,High,Blocker,Logging,Memory Leak,In Progress,,Alice Brown,Automation Bot,2024-02-18,2024-02-27,2024-03-02,Sprint 4 (2024)
QA-143,QA Defects,Bug,Application crashes on logout,Steps: Navigate to dashboard. Expected: Response should be 200 OK. Actual: Page loads slowly.,High,Minor,Logging,Environment Issue,In Progress,,Mark Lee,Automation Bot,2024-02-19,2024-02-24,2024-03-05,Sprint 4 (2024)
QA-144,QA Defects,Bug,Incorrect error message shown on invalid input,Steps: Navigate to dashboard. Expected: User should be redirected. Actual: 500 error returned.,Medium,Critical,Validation,Code Bug,Open,Duplicate,Mark Lee,Automation Bot,2024-02-20,2024-02-27,2024-03-03,Sprint 4 (2024)
QA-145,QA Defects,Bug,Cache not refreshed after deployment,Steps: Call API endpoint. Expected: System should work correctly. Actual: System crashes.,Medium,Critical,DevOps,Memory Leak,In Progress,Duplicate,Mark Lee,Automation Bot,2024-02-21,2024-03-02,2024-03-05,Sprint 4 (2024)
QA-146,QA Defects,Bug,Cross-site scripting vulnerability in comments,Steps: Click logout. Expected: User should be redirected. Actual: 500 error returned.,Low,Critical,General Code Defect,Code Bug,In Progress,,Alice Brown,Automation Bot,2024-02-22,2024-03-01,2024-03-11,Sprint 4 (2024)
QA-147,QA Defects,Bug,File upload fails for large files,Steps: Click logout. Expected: User should be redirected. Actual: Data not saved.,Low,Blocker,Performance,Test Data Issue,In Progress,Fixed,Alice Brown,Automation Bot,2024-02-23,2024-02-28,2024-03-09,Sprint 4 (2024)
QA-148,QA Defects,Bug,Login button not responsive,Steps: Call API endpoint. Expected: Response should be 200 OK. Actual: 500 error returned.,Low,Blocker,UI,Performance Issue,In Progress,Cannot Reproduce,Jane Smith,Automation Bot,2024-02-25,2024-02-26,2024-03-05,Sprint 4 (2024)
QA-149,QA Defects,Bug,Incorrect error message shown on invalid input,Steps: Open app. Expected: User should be redirected. Actual: Page loads slowly.,Medium,Blocker,Validation,Code Bug,In Progress,,Alice Brown,QA Tester,2024-02-26,2024-03-01,2024-03-14,Sprint 5 (2024)
QA-150,QA Defects,Bug,Login button not responsive,Steps: Navigate to dashboard. Expected: User should be redirected. Actual: System crashes.,Low,Minor,UI,Test Data Issue,Closed,Cannot Reproduce,Bob Johnson,Test Engineer,2024-02-27,2024-03-04,2024-03-16,Sprint 5 (2024)
QA-151,QA Defects,Bug,Page load takes more than 10 seconds,Steps: Open app. Expected: Response should be 200 OK. Actual: 500 error returned.,Medium,Critical,Performance,Environment Issue,Resolved,Cannot Reproduce,Bob Johnson,QA Tester,2024-02-28,2024-03-04,,Sprint 5 (2024)
QA-152,QA Defects,Bug,Cache not refreshed after deployment,Steps: Call API endpoint. Expected: Response should be 200 OK. Actual: 500 error returned.,Medium,Minor,DevOps,Memory Leak,In Progress,,Bob Johnson,Test Engineer,2024-02-29,2024-03-01,,Sprint 5 (2024)
QA-153,QA Defects,Bug,Search results not displayed correctly,Steps: Open app. Expected: Response should be 200 OK. Actual: Data not saved.,High,Major,Data Handling,Environment Issue,Closed,Fixed,Alice Brown,Test Engineer,2024-03-01,2024-03-10,,Sprint 5 (2024)
QA-154,QA Defects,Bug,Cache not refreshed after deployment,Steps: Submit form. Expected: User should be redirected. Actual: 500 error returned.,Medium,Critical,DevOps,Test Data Issue,Resolved,,Jane Smith,QA Tester,2024-03-03,2024-03-12,2024-03-14,Sprint 5 (2024)
QA-155,QA Defects,Bug,Cross-site scripting vulnerability in comments,Steps: Submit form. Expected: System should work correctly. Actual: Incorrect message displayed.,Low,Blocker,General Code Defect,Test Data Issue,Closed,,John Doe,QA Tester,2024-03-04,2024-03-13,,Sprint 5 (2024)
QA-156,QA Defects,Bug,Session timeout not working as expected,Steps: Click logout. Expected: Data should be saved. Actual: Data not saved.,Low,Critical,Performance,Code Bug,In Progress,Cannot Reproduce,Bob Johnson,QA Tester,2024-03-05,2024-03-13,,Sprint 5 (2024)
QA-157,QA Defects,Bug,Incorrect calculation in reporting module,Steps: Submit form. Expected: Response should be 200 OK. Actual: Data not saved.,Low,Minor,Reporting,Test Data Issue,In Progress,,Alice Brown,Automation Bot,2024-03-06,2024-03-14,2024-03-28,Sprint 5 (2024)
QA-158,QA Defects,Bug,Incorrect calculation in reporting module,Steps: Click logout. Expected: Data should be saved. Actual: Data not saved.,High,Critical,Reporting,Configuration Issue,In Progress,Fixed,John Doe,Automation Bot,2024-03-07,2024-03-15,2024-03-23,Sprint 5 (2024)
QA-159,QA Defects,Bug,Cache not refreshed after deployment,Steps: Navigate to dashboard. Expected: Data should be saved. Actual: Page loads slowly.,Low,Minor,DevOps,Configuration Issue,In Progress,,John Doe,Automation Bot,2024-03-08,2024-03-11,2024-03-25,Sprint 5 (2024)
QA-160,QA Defects,Bug,Chart rendering breaks on dashboard,Steps: Open app. Expected: User should be redirected. Actual: 500 error returned.,Medium,Major,General Code Defect,Environment Issue,Open,Fixed,Mark Lee,Automation Bot,2024-03-10,2024-03-13,2024-03-15,Sprint 5 (2024)
QA-161,QA Defects,Bug,Memory leak observed under load test,Steps: Call API endpoint. Expected: Response should be 200 OK. Actual: Page loads slowly.,Low,Blocker,Performance,Performance Issue,Open,Duplicate,John Doe,Test Engineer,2024-03-11,2024-03-17,2024-03-19,Sprint 6 (2024)
QA-162,QA Defects,Bug,Page load takes more than 10 seconds,Steps: Submit form. Expected: Response should be 200 OK. Actual: 500 error returned.,Medium,Major,Performance,Memory Leak,Resolved,,Bob Johnson,Automation Bot,2024-03-12,2024-03-20,2024-03-28,Sprint 6 (2024)
QA-163,QA Defects,Bug,SQL query takes too long to execute,Steps: Submit form. Expected: Data should be saved. Actual: 500 error returned.,Low,Major,Database,Performance Issue,Resolved,Duplicate,John Doe,Test Engineer,2024-03-13,2024-03-21,2024-04-04,Sprint 6 (2024)
QA-164,QA Defects,Bug,Chart rendering breaks on dashboard,Steps: Open app. Expected: Response should be 200 OK. Actual: Data not saved.,Low,Minor,General Code Defect,Configuration Issue,Closed,Cannot Reproduce,Bob Johnson,QA Tester,2024-03-14,2024-03-17,,Sprint 6 (2024)
QA-165,QA Defects,Bug,Application crashes on logout,Steps: Call API endpoint. Expected: Response should be 200 OK. Actual: 500 error returned.,Low,Minor,Logging,Configuration Issue,Resolved,Cannot Reproduce,Alice Brown,QA Tester,2024-03-15,2024-03-20,2024-04-01,Sprint 6 (2024)
QA-166,QA Defects,Bug,Cache not refreshed after deployment,Steps: Click logout. Expected: Data should be saved. Actual: Page loads slowly.,Low,Major,DevOps,Test Data Issue,Resolved,Duplicate,Mark Lee,QA Tester,2024-03-17,2024-03-22,2024-03-28,Sprint 6 (2024)
QA-167,QA Defects,Bug,Incorrect calculation in reporting module,Steps: Open app. Expected: Response should be 200 OK. Actual: System crashes.,Low,Major,Reporting,Test Data Issue,Closed,Won't Fix,Bob Johnson,QA Tester,2024-03-18,2024-03-24,,Sprint 6 (2024)
QA-168,QA Defects,Bug,UI alignment issue on mobile view,Steps: Open app. Expected: System should work correctly. Actual: Incorrect message displayed.,Medium,Major,UI,Memory Leak,Resolved,Fixed,John Doe,QA Tester,2024-03-19,2024-03-23,,Sprint 6 (2024)
QA-169,QA Defects,Bug,Application crashes on logout,Steps: Navigate to dashboard. Expected: User should be redirected. Actual: Data not saved.,Low,Minor,Logging,Configuration Issue,Open,,Alice Brown,QA Tester,2024-03-20,2024-03-24,2024-03-26,Sprint 6 (2024)
QA-170,QA Defects,Bug,Memory leak observed under load test,Steps: Submit form. Expected: Data should be saved. Actual: 500 error returned.,Medium,Major,Performance,Test Data Issue,In Progress,Duplicate,Mark Lee,Test Engineer,2024-03-21,2024-03-25,2024-04-01,Sprint 6 (2024)
QA-171,QA Defects,Bug,Memory leak observed under load test,Steps: Open app. Expected: User should be redirected. Actual: 500 error returned.,Medium,Major,Performance,Code Bug,Closed,,Mark Lee,Automation Bot,2024-03-23,2024-03-30,,Sprint 6 (2024)
QA-172,QA Defects,Bug,Session timeout not working as expected,Steps: Click logout. Expected: System should work correctly. Actual: System crashes.,High,Blocker,Performance,Code Bug,In Progress,Cannot Reproduce,John Doe,Test Engineer,2024-03-24,2024-03-29,,Sprint 6 (2024)
QA-173,QA Defects,Bug,Page load takes more than 10 seconds,Steps: Call API endpoint. Expected: System should work correctly. Actual: System crashes.,High,Minor,Performance,Test Data Issue,Closed,,Bob Johnson,QA Tester,2024-03-25,2024-03-28,2024-04-12,Sprint 7 (2024)
QA-174,QA Defects,Bug,Cache not refreshed after deployment,Steps: Navigate to dashboard. Expected: Data should be saved. Actual: System crashes.,Low,Minor,DevOps,Configuration Issue,Resolved,Duplicate,Jane Smith,Automation Bot,2024-03-26,2024-03-27,2024-04-05,Sprint 7 (2024)
QA-175,QA Defects,Bug,User roles not applied correctly after update,Steps: Open app. Expected: System should work correctly. Actual: Page loads slowly.,Medium,Major,General Code Defect,Environment Issue,Resolved,Fixed,John Doe,Test Engineer,2024-03-27,2024-03-31,2024-04-10,Sprint 7 (2024)
QA-176,QA Defects,Bug,Cache not refreshed after deployment,Steps: Open app. Expected: System should work correctly. Actual: System crashes.,Medium,Critical,DevOps,Performance Issue,Open,Fixed,Bob Johnson,QA Tester,2024-03-28,2024-04-07,2024-04-21,Sprint 7 (2024)
QA-177,QA Defects,Bug,SQL query takes too long to execute,Steps: Submit form. Expected: System should work correctly. Actual: Page loads slowly.,Medium,Blocker,Database,Code Bug,Open,Won't Fix,Jane Smith,Test Engineer,2024-03-30,2024-04-01,2024-04-02,Sprint 7 (2024)
QA-178,QA Defects,Bug,Chart rendering breaks on dashboard,Steps: Open app. Expected: User should be redirected. Actual: 500 error returned.,Medium,Major,General Code Defect,Configuration Issue,Open,Won't Fix,Alice Brown,Automation Bot,2024-03-31,2024-04-09,2024-04-23,Sprint 7 (2024)
QA-179,QA Defects,Bug,Login button not responsive,Steps: Call API endpoint. Expected: System should work correctly. Actual: System crashes.,Medium,Blocker,UI,Code Bug,Resolved,,Alice Brown,QA Tester,2024-04-01,2024-04-06,2024-04-10,Sprint 7 (2024)
QA-180,QA Defects,Bug,Password reset email not received,Steps: Call API endpoint. Expected: System should work correctly. Actual: 500 error returned.,High,Blocker,Security,Memory Leak,Open,Duplicate,Mark Lee,Test Engineer,2024-04-02,2024-04-05,,Sprint 7 (2024)
QA-181,QA Defects,Bug,Export to CSV generates empty file,Steps: Call API endpoint. Expected: System should work correctly. Actual: Data not saved.,Medium,Major,Data Handling,Environment Issue,In Progress,Duplicate,Mark Lee,Test Engineer,2024-04-03,2024-04-09,2024-04-22,Sprint 7 (2024)
QA-182,QA Defects,Bug,Incorrect error message shown on invalid input,Steps: Click logout. Expected: User should be redirected. Actual: System crashes.,Medium,Critical,Validation,Code Bug,In Progress,Duplicate,Mark Lee,Automation Bot,2024-04-04,2024-04-08,,Sprint 7 (2024)
QA-183,QA Defects,Bug,Incorrect error message shown on invalid input,Steps: Submit form. Expected: Data should be saved. Actual: 500 error returned.,Medium,Critical,Validation,Memory Leak,Resolved,,Bob Johnson,Automation Bot,2024-04-06,2024-04-09,2024-04-21,Sprint 7 (2024)
QA-184,QA Defects,Bug,Cache not refreshed after deployment,Steps: Navigate to dashboard. Expected: System should work correctly. Actual: System crashes.,Medium,Minor,DevOps,Memory Leak,Open,Fixed,Jane Smith,Automation Bot,2024-04-07,2024-04-16,2024-04-25,Sprint 7 (2024)
QA-185,QA Defects,Bug,User roles not applied correctly after update,Steps: Call API endpoint. Expected: Response should be 200 OK. Actual: Page loads slowly.,High,Minor,General Code Defect,Configuration Issue,Open,Cannot Reproduce,John Doe,Automation Bot,2024-04-08,2024-04-15,2024-04-29,Sprint 8 (2024)
QA-186,QA Defects,Bug,Export to CSV generates empty file,Steps: Open app. Expected: User should be redirected. Actual: Page loads slowly.,Low,Major,Data Handling,Environment Issue,In Progress,Won't Fix,Bob Johnson,Test Engineer,2024-04-09,2024-04-14,,Sprint 8 (2024)
QA-187,QA Defects,Bug,Session timeout not working as expected,Steps: Open app. Expected: System should work correctly. Actual: Page loads slowly.,Low,Blocker,Performance,Test Data Issue,Open,Won't Fix,John Doe,Test Engineer,2024-04-10,2024-04-20,2024-04-28,Sprint 8 (2024)
QA-188,QA Defects,Bug,Cross-site scripting vulnerability in comments,Steps: Navigate to dashboard. Expected: Data should be saved. Actual: 500 error returned.,Low,Major,General Code Defect,Code Bug,Closed,Won't Fix,John Doe,Test Engineer,2024-04-11,2024-04-16,2024-04-23,Sprint 8 (2024)
QA-189,QA Defects,Bug,API returns 500 error on valid request,Steps: Click logout. Expected: Data should be saved. Actual: Incorrect message displayed.,High,Blocker,API,Code Bug,Closed,,John Doe,Test Engineer,2024-04-13,2024-04-18,2024-04-20,Sprint 8 (2024)
QA-190,QA Defects,Bug,File upload fails for large files,Steps: Open app. Expected: User should be redirected. Actual: Data not saved.,Medium,Critical,Performance,Performance Issue,Resolved,Won't Fix,Jane Smith,QA Tester,2024-04-14,2024-04-15,2024-04-20,Sprint 8 (2024)
QA-191,QA Defects,Bug,Application crashes on logout,Steps: Click logout. Expected: System should work correctly. Actual: System crashes.,Medium,Critical,Logging,Performance Issue,Resolved,Cannot Reproduce,John Doe,Test Engineer,2024-04-15,2024-04-21,2024-05-06,Sprint 8 (2024)
QA-192,QA Defects,Bug,Search results not displayed correctly,Steps: Click logout. Expected: Response should be 200 OK. Actual: Data not saved.,Medium,Minor,Data Handling,Configuration Issue,Resolved,,Jane Smith,Automation Bot,2024-04-16,2024-04-20,2024-05-03,Sprint 8 (2024)
QA-193,QA Defects,Bug,SQL query takes too long to execute,Steps: Submit form. Expected: User should be redirected. Actual: Data not saved.,Medium,Blocker,Database,Test Data Issue,Open,,Mark Lee,QA Tester,2024-04-17,2024-04-20,2024-04-27,Sprint 8 (2024)
QA-194,QA Defects,Bug,Cross-site scripting vulnerability in comments,Steps: Click logout. Expected: System should work correctly. Actual: Data not saved.,Medium,Blocker,General Code Defect,Code Bug,In Progress,Fixed,Jane Smith,QA Tester,2024-04-18,2024-04-23,2024-05-02,Sprint 8 (2024)
QA-195,QA Defects,Bug,Incorrect error message shown on invalid input,Steps: Submit form. Expected: Data should be saved. Actual: 500 error returned.,Medium,Major,Validation,Environment Issue,Open,,Jane Smith,QA Tester,2024-04-20,2024-04-21,2024-05-03,Sprint 8 (2024)
QA-196,QA Defects,Bug,File upload fails for large files,Steps: Call API endpoint. Expected: Data should be saved. Actual: System crashes.,Medium,Critical,Performance,Environment Issue,Closed,Duplicate,Alice Brown,Test Engineer,2024-04-21,2024-04-25,2024-05-04,Sprint 8 (2024)
QA-197,QA Defects,Bug,Incorrect error message shown on invalid input,Steps: Submit form. Expected: Response should be 200 OK. Actual: Incorrect message displayed.,High,Blocker,Validation,Configuration Issue,Open,Duplicate,Mark Lee,QA Tester,2024-04-22,2024-04-29,2024-05-03,Sprint 9 (2024)
QA-198,QA Defects,Bug,UI alignment issue on mobile view,Steps: Navigate to dashboard. Expected: System should work correctly. Actual: Page loads slowly.,Low,Minor,UI,Environment Issue,Closed,Cannot Reproduce,Alice Brown,Test Engineer,2024-04-23,2024-05-01,2024-05-09,Sprint 9 (2024)
QA-199,QA Defects,Bug,User roles not applied correctly after update,Steps: Open app. Expected: User should be redirected. Actual: 500 error returned.,Low,Critical,General Code Defect,Environment Issue,Closed,Duplicate,Mark Lee,Automation Bot,2024-04-24,2024-04-30,2024-05-13,Sprint 9 (2024)
QA-200,QA Defects,Bug,User roles not applied correctly after update,Steps: Open app. Expected: Response should be 200 OK. Actual: Page loads slowly.,Medium,Minor,General Code Defect,Performance Issue,In Progress,Won't Fix,Alice Brown,Automation Bot,2024-04-25,2024-04-28,,Sprint 9 (2024)
QA-201,QA Defects,Bug,Application crashes on logout,Steps: Call API endpoint. Expected: Response should be 200 OK. Actual: Page loads slowly.,Low,Blocker,Logging,Test Data Issue,Resolved,Cannot Reproduce,Jane Smith,QA Tester,2024-04-27,2024-04-28,2024-05-13,Sprint 9 (2024)
QA-202,QA Defects,Bug,Cache not refreshed after deployment,Steps: Open app. Expected: Response should be 200 OK. Actual: Incorrect message displayed.,Low,Critical,DevOps,Environment Issue,In Progress,Cannot Reproduce,Jane Smith,Automation Bot,2024-04-28,2024-05-01,2024-05-15,Sprint 9 (2024)
QA-203,QA Defects,Bug,Cross-site scripting vulnerability in comments,Steps: Open app. Expected: Data should be saved. Actual: System crashes.,Medium,Blocker,General Code Defect,Code Bug,Open,Duplicate,John Doe,QA Tester,2024-04-29,2024-05-02,2024-05-04,Sprint 9 (2024)
QA-204,QA Defects,Bug,UI alignment issue on mobile view,Steps: Open app. Expected: Data should be saved. Actual: 500 error returned.,Medium,Minor,UI,Test Data Issue,Open,Cannot Reproduce,Bob Johnson,QA Tester,2024-04-30,2024-05-09,2024-05-21,Sprint 9 (2024)
QA-205,QA Defects,Bug,API returns 500 error on valid request,Steps: Submit form. Expected: User should be redirected. Actual: System crashes.,Low,Blocker,API,Memory Leak,Resolved,Won't Fix,Alice Brown,Test Engineer,2024-05-01,2024-05-11,2024-05-15,Sprint 9 (2024)
QA-206,QA Defects,Bug,Application crashes on logout,Steps: Submit form. Expected: Response should be 200 OK. Actual: Page loads slowly.,Low,Minor,Logging,Environment Issue,In Progress,Fixed,Bob Johnson,Test Engineer,2024-05-03,2024-05-11,,Sprint 9 (2024)
QA-207,QA Defects,Bug,Incorrect error message shown on invalid input,Steps: Call API endpoint. Expected: User should be redirected. Actual: 500 error returned.,Low,Major,Validation,Test Data Issue,Open,Won't Fix,Alice Brown,Test Engineer,2024-05-04,2024-05-09,,Sprint 9 (2024)
QA-208,QA Defects,Bug,File upload fails for large files,Steps: Submit form. Expected: User should be redirected. Actual: Incorrect message displayed.,Low,Critical,Performance,Memory Leak,In Progress,Won't Fix,John Doe,QA Tester,2024-05-05,2024-05-06,2024-05-16,Sprint 9 (2024)
QA-209,QA Defects,Bug,Dropdown options missing in settings,Steps: Call API endpoint. Expected: User should be redirected. Actual: Data not saved.,Medium,Major,UI,Code Bug,Closed,Won't Fix,Bob Johnson,QA Tester,2024-05-06,2024-05-11,,Sprint 10 (2024)
QA-210,QA Defects,Bug,SQL query takes too long to execute,Steps: Call API endpoint. Expected: Data should be saved. Actual: 500 error returned.,Low,Critical,Database,Code Bug,In Progress,Won't Fix,John Doe,QA Tester,2024-05-07,2024-05-12,,Sprint 10 (2024)
QA-211,QA Defects,Bug,Page load takes more than 10 seconds,Steps: Click logout. Expected: Response should be 200 OK. Actual: Incorrect message displayed.,Low,Blocker,Performance,Environment Issue,In Progress,Cannot Reproduce,Mark Lee,Test Engineer,2024-05-08,2024-05-14,2024-05-15,Sprint 10 (2024)
QA-212,QA Defects,Bug,Password reset email not received,Steps: Navigate to dashboard. Expected: Response should be 200 OK. Actual: 500 error returned.,Low,Minor,Security,Memory Leak,In Progress,Won't Fix,Mark Lee,Test Engineer,2024-05-10,2024-05-16,2024-05-30,Sprint 10 (2024)
QA-213,QA Defects,Bug,Memory leak observed under load test,Steps: Navigate to dashboard. Expected: System should work correctly. Actual: Incorrect message displayed.,Low,Blocker,Performance,Code Bug,Resolved,Cannot Reproduce,John Doe,Test Engineer,2024-05-11,2024-05-19,2024-06-03,Sprint 10 (2024)
QA-214,QA Defects,Bug,Search results not displayed correctly,Steps: Navigate to dashboard. Expected: User should be redirected. Actual: Incorrect message displayed.,Low,Major,Data Handling,Configuration Issue,Open,Fixed,Alice Brown,QA Tester,2024-05-12,2024-05-13,2024-05-17,Sprint 10 (2024)
QA-215,QA Defects,Bug,Data not saved to database after form submit,Steps: Call API endpoint. Expected: System should work correctly. Actual: System crashes.,High,Major,Database,Code Bug,Open,Duplicate,Alice Brown,QA Tester,2024-05-13,2024-05-18,2024-05-25,Sprint 10 (2024)
QA-216,QA Defects,Bug,Login button not responsive,Steps: Submit form. Expected: User should be redirected. Actual: Incorrect message displayed.,Low,Blocker,UI,Environment Issue,In Progress,Fixed,Mark Lee,Automation Bot,2024-05-14,2024-05-16,2024-05-28,Sprint 10 (2024)
QA-217,QA Defects,Bug,Session timeout not working as expected,Steps: Call API endpoint. Expected: Data should be saved. Actual: Data not saved.,Low,Blocker,Performance,Code Bug,Open,Cannot Reproduce,John Doe,Test Engineer,2024-05-15,2024-05-17,,Sprint 10 (2024)
QA-218,QA Defects,Bug,Password reset email not received,Steps: Submit form. Expected: System should work correctly. Actual: Incorrect message displayed.,Medium,Blocker,Security,Memory Leak,Open,Won't Fix,John Doe,Test Engineer,2024-05-17,2024-05-20,,Sprint 10 (2024)
QA-219,QA Defects,Bug,Search results not displayed correctly,Steps: Call API endpoint. Expected: Response should be 200 OK. Actual: 500 error returned.,Low,Minor,Data Handling,Test Data Issue,In Progress,Duplicate,John Doe,Test Engineer,2024-05-18,2024-05-24,,Sprint 10 (2024)
QA-220,QA Defects,Bug,Incorrect error message shown on invalid input,Steps: Call API endpoint. Expected: System should work correctly. Actual: Incorrect message displayed.,Medium,Critical,Validation,Code Bug,In Progress,Won't Fix,Alice Brown,Test Engineer,2024-05-19,2024-05-27,2024-06-10,Sprint 10 (2024)
QA-221,QA Defects,Bug,Password reset email not received,Steps: Click logout. Expected: Response should be 200 OK. Actual: 500 error returned.,Medium,Major,Security,Code Bug,In Progress,Won't Fix,Alice Brown,Test Engineer,2024-05-20,2024-05-22,2024-05-23,Sprint 11 (2024)
QA-222,QA Defects,Bug,Session timeout not working as expected,Steps: Open app. Expected: Response should be 200 OK. Actual: Data not saved.,High,Blocker,Performance,Code Bug,Open,Fixed,Bob Johnson,QA Tester,2024-05-21,2024-05-26,2024-06-04,Sprint 11 (2024)
QA-223,QA Defects,Bug,Cross-site scripting vulnerability in comments,Steps: Click logout. Expected: Response should be 200 OK. Actual: Page loads slowly.,Low,Major,General Code Defect,Environment Issue,Resolved,Won't Fix,Bob Johnson,QA Tester,2024-05-22,2024-05-28,2024-05-29,Sprint 11 (2024)
QA-224,QA Defects,Bug,User roles not applied correctly after update,Steps: Submit form. Expected: System should work correctly. Actual: Incorrect message displayed.,Low,Minor,General Code Defect,Memory Leak,Open,Duplicate,Bob Johnson,Automation Bot,2024-05-24,2024-05-29,2024-06-06,Sprint 11 (2024)
QA-225,QA Defects,Bug,Memory leak observed under load test,Steps: Navigate to dashboard. Expected: Data should be saved. Actual: Data not saved.,Low,Blocker,Performance,Memory Leak,Closed,Won't Fix,Bob Johnson,Test Engineer,2024-05-25,2024-05-31,,Sprint 11 (2024)
QA-226,QA Defects,Bug,Dropdown options missing in settings,Steps: Navigate to dashboard. Expected: System should work correctly. Actual: Page loads slowly.,Medium,Minor,UI,Environment Issue,Open,,John Doe,QA Tester,2024-05-26,2024-06-03,2024-06-13,Sprint 11 (2024)
QA-227,QA Defects,Bug,API returns 500 error on valid request,Steps: Submit form. Expected: User should be redirected. Actual: Data not saved.,Low,Critical,API,Configuration Issue,Resolved,,John Doe,Test Engineer,2024-05-27,2024-05-31,2024-06-13,Sprint 11 (2024)
QA-228,QA Defects,Bug,Session timeout not working as expected,Steps: Click logout. Expected: User should be redirected. Actual: Incorrect message displayed.,Medium,Critical,Performance,Memory Leak,In Progress,,Alice Brown,Automation Bot,2024-05-28,2024-06-04,,Sprint 11 (2024)
QA-229,QA Defects,Bug,Incorrect calculation in reporting module,Steps: Open app. Expected: System should work correctly. Actual: System crashes.,Medium,Minor,Reporting,Environment Issue,Open,Duplicate,Jane Smith,Test Engineer,2024-05-29,2024-06-06,2024-06-18,Sprint 11 (2024)
QA-230,QA Defects,Bug,Memory leak observed under load test,Steps: Navigate to dashboard. Expected: Data should be saved. Actual: Incorrect message displayed.,High,Blocker,Performance,Configuration Issue,In Progress,Fixed,Bob Johnson,QA Tester,2024-05-31,2024-06-09,2024-06-22,Sprint 11 (2024)
QA-231,QA Defects,Bug,User roles not applied correctly after update,Steps: Open app. Expected: User should be redirected. Actual: System crashes.,Low,Major,General Code Defect,Performance Issue,Resolved,Fixed,Alice Brown,Test Engineer,2024-06-01,2024-06-08,2024-06-13,Sprint 11 (2024)
QA-232,QA Defects,Bug,Incorrect error message shown on invalid input,Steps: Navigate to dashboard. Expected: Response should be 200 OK. Actual: Page loads slowly.,Low,Critical,Validation,Environment Issue,In Progress,Cannot Reproduce,Bob Johnson,Test Engineer,2024-06-02,2024-06-11,,Sprint 11 (2024)
QA-233,QA Defects,Bug,Dropdown options missing in settings,Steps: Call API endpoint. Expected: System should work correctly. Actual: Page loads slowly.,Medium,Minor,UI,Performance Issue,Open,Cannot Reproduce,Mark Lee,Automation Bot,2024-06-03,2024-06-05,2024-06-13,Sprint 12 (2024)
QA-234,QA Defects,Bug,File upload fails for large files,Steps: Call API endpoint. Expected: System should work correctly. Actual: 500 error returned.,Low,Critical,Performance,Configuration Issue,Resolved,Won't Fix,John Doe,Test Engineer,2024-06-04,2024-06-06,2024-06-16,Sprint 12 (2024)
QA-235,QA Defects,Bug,Page load takes more than 10 seconds,Steps: Open app. Expected: System should work correctly. Actual: System crashes.,Medium,Critical,Performance,Memory Leak,Open,Fixed,Jane Smith,Automation Bot,2024-06-05,2024-06-12,2024-06-20,Sprint 12 (2024)
QA-236,QA Defects,Bug,Memory leak observed under load test,Steps: Click logout. Expected: Data should be saved. Actual: 500 error returned.,Low,Blocker,Performance,Test Data Issue,In Progress,Duplicate,Alice Brown,Automation Bot,2024-06-07,2024-06-08,2024-06-09,Sprint 12 (2024)
QA-237,QA Defects,Bug,Search results not displayed correctly,Steps: Navigate to dashboard. Expected: Response should be 200 OK. Actual: Incorrect message displayed.,High,Minor,Data Handling,Environment Issue,In Progress,Fixed,John Doe,QA Tester,2024-06-08,2024-06-12,2024-06-23,Sprint 12 (2024)
QA-238,QA Defects,Bug,Cross-site scripting vulnerability in comments,Steps: Navigate to dashboard. Expected: Response should be 200 OK. Actual: Data not saved.,High,Blocker,General Code Defect,Code Bug,Resolved,Fixed,John Doe,Automation Bot,2024-06-09,2024-06-12,2024-06-16,Sprint 12 (2024)
QA-239,QA Defects,Bug,Login button not responsive,Steps: Submit form. Expected: User should be redirected. Actual: 500 error returned.,Low,Blocker,UI,Test Data Issue,Closed,,Bob Johnson,Automation Bot,2024-06-10,2024-06-13,,Sprint 12 (2024)
QA-240,QA Defects,Bug,Cache not refreshed after deployment,Steps: Submit form. Expected: Response should be 200 OK. Actual: Data not saved.,Low,Minor,DevOps,Environment Issue,In Progress,Cannot Reproduce,John Doe,QA Tester,2024-06-11,2024-06-17,2024-07-01,Sprint 12 (2024)
QA-241,QA Defects,Bug,Password reset email not received,Steps: Open app. Expected: Response should be 200 OK. Actual: System crashes.,Low,Major,Security,Memory Leak,In Progress,Cannot Reproduce,Bob Johnson,Test Engineer,2024-06-13,2024-06-20,2024-07-01,Sprint 12 (2024)
QA-242,QA Defects,Bug,Incorrect calculation in reporting module,Steps: Call API endpoint. Expected: Data should be saved. Actual: Incorrect message displayed.,High,Blocker,Reporting,Code Bug,Resolved,,Bob Johnson,Automation Bot,2024-06-14,2024-06-23,2024-06-24,Sprint 12 (2024)
QA-243,QA Defects,Bug,Memory leak observed under load test,Steps: Call API endpoint. Expected: System should work correctly. Actual: Data not saved.,Medium,Blocker,Performance,Code Bug,Open,Cannot Reproduce,Alice Brown,QA Tester,2024-06-15,2024-06-18,2024-06-22,Sprint 12 (2024)
QA-244,QA Defects,Bug,Chart rendering breaks on dashboard,Steps: Call API endpoint. Expected: Data should be saved. Actual: Page loads slowly.,High,Major,General Code Defect,Test Data Issue,In Progress,Cannot Reproduce,Alice Brown,Test Engineer,2024-06-16,2024-06-20,,Sprint 12 (2024)
QA-245,QA Defects,Bug,Login button not responsive,Steps: Call API endpoint. Expected: Data should be saved. Actual: Incorrect message displayed.,Low,Critical,UI,Code Bug,Closed,Won't Fix,Alice Brown,Automation Bot,2024-06-17,2024-06-21,,Sprint 13 (2024)
QA-246,QA Defects,Bug,API returns 500 error on valid request,Steps: Submit form. Expected: User should be redirected. Actual: System crashes.,High,Critical,API,Environment Issue,Open,,Mark Lee,Test Engineer,2024-06-18,2024-06-27,2024-07-06,Sprint 13 (2024)
QA-247,QA Defects,Bug,Export to CSV generates empty file,Steps: Open app. Expected: Response should be 200 OK. Actual: 500 error returned.,Low,Major,Data Handling,Configuration Issue,Closed,,Mark Lee,QA Tester,2024-06-20,2024-06-27,2024-07-01,Sprint 13 (2024)
QA-248,QA Defects,Bug,User roles not applied correctly after update,Steps: Click logout. Expected: System should work correctly. Actual: System crashes.,High,Blocker,General Code Defect,Memory Leak,In Progress,Fixed,Jane Smith,QA Tester,2024-06-21,2024-06-28,2024-07-08,Sprint 13 (2024)
QA-249,QA Defects,Bug,Search results not displayed correctly,Steps: Call API endpoint. Expected: User should be redirected. Actual: Page loads slowly.,High,Minor,Data Handling,Performance Issue,Closed,Fixed,Bob Johnson,QA Tester,2024-06-22,2024-06-29,,Sprint 13 (2024)
QA-250,QA Defects,Bug,Export to CSV generates empty file,Steps: Click logout. Expected: System should work correctly. Actual: 500 error returned.,High,Minor,Data Handling,Memory Leak,Resolved,Cannot Reproduce,Mark Lee,QA Tester,2024-06-23,2024-07-03,2024-07-13,Sprint 13 (2024)
QA-251,QA Defects,Bug,Cache not refreshed after deployment,Steps: Click logout. Expected: User should be redirected. Actual: System crashes.,Medium,Blocker,DevOps,Code Bug,Open,Cannot Reproduce,Mark Lee,QA Tester,2024-06-24,2024-07-02,2024-07-15,Sprint 13 (2024)
QA-252,QA Defects,Bug,Application crashes on logout,Steps: Navigate to dashboard. Expected: Data should be saved. Actual: Data not saved.,High,Major,Logging,Code Bug,In Progress,Duplicate,Jane Smith,QA Tester,2024-06-25,2024-07-05,,Sprint 13 (2024)
QA-253,QA Defects,Bug,Incorrect error message shown on invalid input,Steps: Call API endpoint. Expected: Response should be 200 OK. Actual: Page loads slowly.,Low,Blocker,Validation,Test Data Issue,Closed,Fixed,Alice Brown,Test Engineer,2024-06-27,2024-07-06,2024-07-20,Sprint 13 (2024)
QA-254,QA Defects,Bug,File upload fails for large files,Steps: Call API endpoint. Expected: Response should be 200 OK. Actual: Data not saved.,Medium,Critical,Performance,Test Data Issue,Open,Duplicate,Bob Johnson,QA Tester,2024-06-28,2024-07-03,2024-07-13,Sprint 13 (2024)
QA-255,QA Defects,Bug,Incorrect calculation in reporting module,Steps: Submit form. Expected: System should work correctly. Actual: Data not saved.,High,Critical,Reporting,Test Data Issue,Open,Cannot Reproduce,Alice Brown,Test Engineer,2024-06-29,2024-07-07,,Sprint 13 (2024)
QA-256,QA Defects,Bug,User roles not applied correctly after update,Steps: Call API endpoint. Expected: Data should be saved. Actual: Page loads slowly.,Medium,Blocker,General Code Defect,Code Bug,Open,,Bob Johnson,QA Tester,2024-06-30,2024-07-02,2024-07-05,Sprint 13 (2024)
QA-257,QA Defects,Bug,Login button not responsive,Steps: Call API endpoint. Expected: User should be redirected. Actual: Page loads slowly.,Low,Blocker,UI,Code Bug,Open,Fixed,Mark Lee,QA Tester,2024-07-01,2024-07-10,2024-07-25,Sprint 14 (2024)
QA-258,QA Defects,Bug,User roles not applied correctly after update,Steps: Submit form. Expected: User should be redirected. Actual: System crashes.,High,Blocker,General Code Defect,Configuration Issue,Closed,,Bob Johnson,Automation Bot,2024-07-02,2024-07-05,2024-07-12,Sprint 14 (2024)
QA-259,QA Defects,Bug,Incorrect error message shown on invalid input,Steps: Call API endpoint. Expected: Data should be saved. Actual: 500 error returned.,High,Major,Validation,Performance Issue,Resolved,Won't Fix,Bob Johnson,Automation Bot,2024-07-04,2024-07-09,2024-07-24,Sprint 14 (2024)
QA-260,QA Defects,Bug,Cross-site scripting vulnerability in comments,Steps: Open app. Expected: Response should be 200 OK. Actual: Page loads slowly.,High,Minor,General Code Defect,Test Data Issue,Open,Fixed,Mark Lee,Test Engineer,2024-07-05,2024-07-08,2024-07-11,Sprint 14 (2024)
QA-261,QA Defects,Bug,API returns 500 error on valid request,Steps: Call API endpoint. Expected: Data should be saved. Actual: 500 error returned.,Medium,Critical,API,Environment Issue,Resolved,Fixed,Bob Johnson,Test Engineer,2024-07-06,2024-07-11,2024-07-17,Sprint 14 (2024)
QA-262,QA Defects,Bug,SQL query takes too long to execute,Steps: Submit form. Expected: System should work correctly. Actual: Incorrect message displayed.,High,Blocker,Database,Configuration Issue,Open,Cannot Reproduce,Jane Smith,Test Engineer,2024-07-07,2024-07-09,,Sprint 14 (2024)
QA-263,QA Defects,Bug,Cache not refreshed after deployment,Steps: Navigate to dashboard. Expected: System should work correctly. Actual: System crashes.,Low,Blocker,DevOps,Code Bug,Open,,Alice Brown,Automation Bot,2024-07-08,2024-07-14,,Sprint 14 (2024)
QA-264,QA Defects,Bug,Cache not refreshed after deployment,Steps: Navigate to dashboard. Expected: System should work correctly. Actual: Incorrect message displayed.,Medium,Blocker,DevOps,Code Bug,Open,Fixed,Alice Brown,Test Engineer,2024-07-09,2024-07-17,2024-07-23,Sprint 14 (2024)
QA-265,QA Defects,Bug,Export to CSV generates empty file,Steps: Submit form. Expected: Data should be saved. Actual: Page loads slowly.,Medium,Blocker,Data Handling,Code Bug,Resolved,Cannot Reproduce,Mark Lee,QA Tester,2024-07-11,2024-07-20,2024-07-24,Sprint 14 (2024)
QA-266,QA Defects,Bug,API returns 500 error on valid request,Steps: Call API endpoint. Expected: Data should be saved. Actual: System crashes.,Medium,Critical,API,Test Data Issue,Open,Fixed,Bob Johnson,Automation Bot,2024-07-12,2024-07-22,,Sprint 14 (2024)
QA-267,QA Defects,Bug,Login button not responsive,Steps: Navigate to dashboard. Expected: System should work correctly. Actual: Page loads slowly.,Medium,Major,UI,Memory Leak,In Progress,Fixed,Jane Smith,Test Engineer,2024-07-13,2024-07-17,2024-07-28,Sprint 14 (2024)
QA-268,QA Defects,Bug,File upload fails for large files,Steps: Call API endpoint. Expected: System should work correctly. Actual: Data not saved.,High,Major,Performance,Performance Issue,Closed,Fixed,Mark Lee,Test Engineer,2024-07-14,2024-07-18,,Sprint 14 (2024)
QA-269,QA Defects,Bug,Password reset email not received,Steps: Call API endpoint. Expected: Response should be 200 OK. Actual: Data not saved.,High,Minor,Security,Test Data Issue,Resolved,,John Doe,Automation Bot,2024-07-15,2024-07-17,2024-07-18,Sprint 15 (2024)
QA-270,QA Defects,Bug,Export to CSV generates empty file,Steps: Call API endpoint. Expected: User should be redirected. Actual: Data not saved.,High,Critical,Data Handling,Code Bug,In Progress,Fixed,Alice Brown,QA Tester,2024-07-16,2024-07-18,2024-07-26,Sprint 15 (2024)
QA-271,QA Defects,Bug,UI alignment issue on mobile view,Steps: Click logout. Expected: Response should be 200 OK. Actual: Data not saved.,High,Blocker,UI,Test Data Issue,Closed,Won't Fix,Bob Johnson,Automation Bot,2024-07-18,2024-07-19,2024-07-27,Sprint 15 (2024)
QA-272,QA Defects,Bug,User roles not applied correctly after update,Steps: Click logout. Expected: Response should be 200 OK. Actual: 500 error returned.,Low,Minor,General Code Defect,Test Data Issue,Resolved,Fixed,Alice Brown,Test Engineer,2024-07-19,2024-07-21,,Sprint 15 (2024)
QA-273,QA Defects,Bug,Incorrect calculation in reporting module,Steps: Open app. Expected: Data should be saved. Actual: Data not saved.,High,Major,Reporting,Performance Issue,Open,Won't Fix,Jane Smith,Test Engineer,2024-07-20,2024-07-22,2024-08-03,Sprint 15 (2024)
QA-274,QA Defects,Bug,Dropdown options missing in settings,Steps: Click logout. Expected: System should work correctly. Actual: Data not saved.,High,Major,UI,Performance Issue,Open,,Bob Johnson,Test Engineer,2024-07-21,2024-07-25,2024-08-05,Sprint 15 (2024)
QA-275,QA Defects,Bug,Page load takes more than 10 seconds,Steps: Call API endpoint. Expected: Response should be 200 OK. Actual: System crashes.,High,Major,Performance,Test Data Issue,Resolved,Cannot Reproduce,Mark Lee,QA Tester,2024-07-22,2024-07-28,2024-08-02,Sprint 15 (2024)
QA-276,QA Defects,Bug,Cache not refreshed after deployment,Steps: Click logout. Expected: User should be redirected. Actual: Incorrect message displayed.,Medium,Blocker,DevOps,Environment Issue,Open,Duplicate,Bob Johnson,Test Engineer,2024-07-24,2024-08-01,,Sprint 15 (2024)
QA-277,QA Defects,Bug,Page load takes more than 10 seconds,Steps: Call API endpoint. Expected: System should work correctly. Actual: 500 error returned.,Low,Minor,Performance,Code Bug,Closed,,John Doe,QA Tester,2024-07-25,2024-07-28,2024-07-29,Sprint 15 (2024)
QA-278,QA Defects,Bug,Memory leak observed under load test,Steps: Click logout. Expected: User should be redirected. Actual: System crashes.,High,Critical,Performance,Performance Issue,Resolved,,Bob Johnson,Automation Bot,2024-07-26,2024-07-29,2024-08-08,Sprint 15 (2024)
QA-279,QA Defects,Bug,Search results not displayed correctly,Steps: Call API endpoint. Expected: Response should be 200 OK. Actual: System crashes.,High,Blocker,Data Handling,Performance Issue,Closed,Cannot Reproduce,Alice Brown,Test Engineer,2024-07-27,2024-08-02,,Sprint 15 (2024)
QA-280,QA Defects,Bug,UI alignment issue on mobile view,Steps: Open app. Expected: System should work correctly. Actual: Page loads slowly.,Medium,Critical,UI,Test Data Issue,Open,Cannot Reproduce,John Doe,Automation Bot,2024-07-28,2024-08-04,2024-08-13,Sprint 15 (2024)
QA-281,QA Defects,Bug,Application crashes on logout,Steps: Open app. Expected: User should be redirected. Actual: Page loads slowly.,Low,Critical,Logging,Memory Leak,Resolved,Won't Fix,Mark Lee,Test Engineer,2024-07-29,2024-08-07,2024-08-20,Sprint 16 (2024)
QA-282,QA Defects,Bug,UI alignment issue on mobile view,Steps: Submit form. Expected: User should be redirected. Actual: Data not saved.,Low,Blocker,UI,Configuration Issue,Resolved,Fixed,Alice Brown,QA Tester,2024-07-31,2024-08-07,,Sprint 16 (2024)
QA-283,QA Defects,Bug,Cross-site scripting vulnerability in comments,Steps: Call API endpoint. Expected: Response should be 200 OK. Actual: Page loads slowly.,Medium,Blocker,General Code Defect,Code Bug,Resolved,,Jane Smith,Test Engineer,2024-08-01,2024-08-08,2024-08-16,Sprint 16 (2024)
QA-284,QA Defects,Bug,Data not saved to database after form submit,Steps: Open app. Expected: User should be redirected. Actual: Data not saved.,Medium,Major,Database,Environment Issue,Closed,Cannot Reproduce,Alice Brown,Test Engineer,2024-08-02,2024-08-07,,Sprint 16 (2024)
QA-285,QA Defects,Bug,Memory leak observed under load test,Steps: Submit form. Expected: User should be redirected. Actual: 500 error returned.,High,Critical,Performance,Performance Issue,In Progress,Won't Fix,Alice Brown,QA Tester,2024-08-03,2024-08-11,2024-08-22,Sprint 16 (2024)
QA-286,QA Defects,Bug,Application crashes on logout,Steps: Call API endpoint. Expected: Response should be 200 OK. Actual: Data not saved.,Low,Critical,Logging,Memory Leak,Resolved,Won't Fix,John Doe,QA Tester,2024-08-04,2024-08-14,2024-08-27,Sprint 16 (2024)
QA-287,QA Defects,Bug,API returns 500 error on valid request,Steps: Call API endpoint. Expected: Data should be saved. Actual: Incorrect message displayed.,High,Blocker,API,Environment Issue,Open,Duplicate,John Doe,Automation Bot,2024-08-05,2024-08-07,2024-08-13,Sprint 16 (2024)
QA-288,QA Defects,Bug,UI alignment issue on mobile view,Steps: Navigate to dashboard. Expected: User should be redirected. Actual: Data not saved.,High,Minor,UI,Memory Leak,Open,Won't Fix,Bob Johnson,Test Engineer,2024-08-07,2024-08-15,2024-08-16,Sprint 16 (2024)
QA-289,QA Defects,Bug,Export to CSV generates empty file,Steps: Submit form. Expected: Data should be saved. Actual: System crashes.,High,Blocker,Data Handling,Environment Issue,Closed,Fixed,John Doe,QA Tester,2024-08-08,2024-08-10,2024-08-24,Sprint 16 (2024)
QA-290,QA Defects,Bug,Login button not responsive,Steps: Click logout. Expected: System should work correctly. Actual: Data not saved.,Medium,Major,UI,Performance Issue,Open,Fixed,Alice Brown,Automation Bot,2024-08-09,2024-08-19,,Sprint 16 (2024)
QA-291,QA Defects,Bug,Page load takes more than 10 seconds,Steps: Click logout. Expected: Data should be saved. Actual: Page loads slowly.,Medium,Critical,Performance,Environment Issue,Open,Won't Fix,Bob Johnson,QA Tester,2024-08-10,2024-08-13,2024-08-14,Sprint 16 (2024)
QA-292,QA Defects,Bug,Chart rendering breaks on dashboard,Steps: Open app. Expected: Data should be saved. Actual: Page loads slowly.,High,Minor,General Code Defect,Code Bug,In Progress,Duplicate,John Doe,Test Engineer,2024-08-11,2024-08-20,2024-08-26,Sprint 16 (2024)
QA-293,QA Defects,Bug,Memory leak observed under load test,Steps: Click logout. Expected: User should be redirected. Actual: Data not saved.,High,Critical,Performance,Code Bug,In Progress,Fixed,John Doe,QA Tester,2024-08-12,2024-08-19,,Sprint 17 (2024)
QA-294,QA Defects,Bug,Page load takes more than 10 seconds,Steps: Call API endpoint. Expected: Data should be saved. Actual: Page loads slowly.,High,Minor,Performance,Test Data Issue,Closed,Won't Fix,Mark Lee,QA Tester,2024-08-14,2024-08-20,2024-08-26,Sprint 17 (2024)
QA-295,QA Defects,Bug,Data not saved to database after form submit,Steps: Open app. Expected: Response should be 200 OK. Actual: Page loads slowly.,Low,Minor,Database,Memory Leak,Resolved,Duplicate,Bob Johnson,Automation Bot,2024-08-15,2024-08-17,2024-08-20,Sprint 17 (2024)
QA-296,QA Defects,Bug,Dropdown options missing in settings,Steps: Call API endpoint. Expected: Data should be saved. Actual: Page loads slowly.,High,Blocker,UI,Test Data Issue,Open,,Bob Johnson,Test Engineer,2024-08-16,2024-08-26,2024-09-03,Sprint 17 (2024)
QA-297,QA Defects,Bug,Cache not refreshed after deployment,Steps: Submit form. Expected: Data should be saved. Actual: Data not saved.,Low,Major,DevOps,Configuration Issue,In Progress,Won't Fix,Jane Smith,Automation Bot,2024-08-17,2024-08-23,2024-09-07,Sprint 17 (2024)
QA-298,QA Defects,Bug,Page load takes more than 10 seconds,Steps: Navigate to dashboard. Expected: Data should be saved. Actual: Data not saved.,Medium,Critical,Performance,Configuration Issue,Open,,Mark Lee,Automation Bot,2024-08-18,2024-08-19,2024-09-01,Sprint 17 (2024)
QA-299,QA Defects,Bug,Password reset email not received,Steps: Click logout. Expected: Data should be saved. Actual: Incorrect message displayed.,High,Critical,Security,Memory Leak,Open,Won't Fix,Alice Brown,QA Tester,2024-08-19,2024-08-23,2024-08-29,Sprint 17 (2024)
QA-300,QA Defects,Bug,Search results not displayed correctly,Steps: Click logout. Expected: User should be redirected. Actual: Page loads slowly.,High,Major,Data Handling,Code Bug,Closed,Duplicate,Mark Lee,Test Engineer,2024-08-21,2024-08-29,2024-09-01,Sprint 17 (2024)
QA-301,QA Defects,Bug,Chart rendering breaks on dashboard,Steps: Click logout. Expected: System should work correctly. Actual: Page loads slowly.,Medium,Minor,General Code Defect,Configuration Issue,Resolved,Cannot Reproduce,John Doe,QA Tester,2024-08-22,2024-08-30,2024-09-08,Sprint 17 (2024)
QA-302,QA Defects,Bug,Login button not responsive,Steps: Navigate to dashboard. Expected: System should work correctly. Actual: 500 error returned.,High,Critical,UI,Environment Issue,In Progress,Fixed,John Doe,QA Tester,2024-08-23,2024-08-31,2024-09-01,Sprint 17 (2024)
QA-303,QA Defects,Bug,Incorrect error message shown on invalid input,Steps: Call API endpoint. Expected: Data should be saved. Actual: Incorrect message displayed.,Low,Blocker,Validation,Environment Issue,In Progress,Cannot Reproduce,Mark Lee,Automation Bot,2024-08-24,2024-08-28,2024-08-31,Sprint 17 (2024)
QA-304,QA Defects,Bug,Chart rendering breaks on dashboard,Steps: Click logout. Expected: System should work correctly. Actual: Page loads slowly.,Low,Minor,General Code Defect,Test Data Issue,Open,,Alice Brown,QA Tester,2024-08-25,2024-08-30,2024-09-05,Sprint 17 (2024)
QA-305,QA Defects,Bug,Data not saved to database after form submit,Steps: Click logout. Expected: System should work correctly. Actual: Incorrect message displayed.,Medium,Critical,Database,Memory Leak,Closed,,Bob Johnson,QA Tester,2024-08-26,2024-09-05,2024-09-07,Sprint 18 (2024)
QA-306,QA Defects,Bug,Session timeout not working as expected,Steps: Navigate to dashboard. Expected: Response should be 200 OK. Actual: Incorrect message displayed.,High,Minor,Performance,Code Bug,In Progress,,Jane Smith,Automation Bot,2024-08-28,2024-09-07,,Sprint 18 (2024)
QA-307,QA Defects,Bug,Chart rendering breaks on dashboard,Steps: Call API endpoint. Expected: System should work correctly. Actual: System crashes.,Medium,Minor,General Code Defect,Environment Issue,Resolved,Won't Fix,Alice Brown,Automation Bot,2024-08-29,2024-09-08,,Sprint 18 (2024)
QA-308,QA Defects,Bug,Chart rendering breaks on dashboard,Steps: Open app. Expected: System should work correctly. Actual: 500 error returned.,High,Minor,General Code Defect,Configuration Issue,Open,,Bob Johnson,QA Tester,2024-08-30,2024-09-04,2024-09-16,Sprint 18 (2024)
QA-309,QA Defects,Bug,Incorrect calculation in reporting module,Steps: Navigate to dashboard. Expected: Response should be 200 OK. Actual: Data not saved.,Medium,Blocker,Reporting,Environment Issue,Closed,Fixed,Jane Smith,Test Engineer,2024-08-31,2024-09-06,2024-09-13,Sprint 18 (2024)
QA-310,QA Defects,Bug,Memory leak observed under load test,Steps: Open app. Expected: User should be redirected. Actual: Data not saved.,High,Blocker,Performance,Memory Leak,Resolved,Fixed,Mark Lee,Test Engineer,2024-09-01,2024-09-07,,Sprint 18 (2024)
QA-311,QA Defects,Bug,Password reset email not received,Steps: Submit form. Expected: System should work correctly. Actual: System crashes.,High,Critical,Security,Code Bug,Open,Duplicate,Alice Brown,QA Tester,2024-09-03,2024-09-10,,Sprint 18 (2024)
QA-312,QA Defects,Bug,SQL query takes too long to execute,Steps: Click logout. Expected: System should work correctly. Actual: 500 error returned.,Low,Minor,Database,Memory Leak,Open,,Jane Smith,QA Tester,2024-09-04,2024-09-12,2024-09-22,Sprint 18 (2024)
QA-313,QA Defects,Bug,Data not saved to database after form submit,Steps: Call API endpoint. Expected: User should be redirected. Actual: Data not saved.,Low,Major,Database,Memory Leak,Resolved,Won't Fix,Bob Johnson,Test Engineer,2024-09-05,2024-09-15,2024-09-27,Sprint 18 (2024)
QA-314,QA Defects,Bug,Incorrect calculation in reporting module,Steps: Open app. Expected: Response should be 200 OK. Actual: Page loads slowly.,Low,Critical,Reporting,Test Data Issue,Open,Won't Fix,John Doe,QA Tester,2024-09-06,2024-09-11,,Sprint 18 (2024)
QA-315,QA Defects,Bug,Application crashes on logout,Steps: Call API endpoint. Expected: User should be redirected. Actual: System crashes.,High,Minor,Logging,Code Bug,Open,Duplicate,Mark Lee,Automation Bot,2024-09-07,2024-09-17,2024-09-19,Sprint 18 (2024)
QA-316,QA Defects,Bug,Cross-site scripting vulnerability in comments,Steps: Navigate to dashboard. Expected: System should work correctly. Actual: Incorrect message displayed.,Medium,Blocker,General Code Defect,Test Data Issue,Open,,Mark Lee,Automation Bot,2024-09-08,2024-09-15,2024-09-24,Sprint 18 (2024)
QA-317,QA Defects,Bug,Session timeout not working as expected,Steps: Navigate to dashboard. Expected: System should work correctly. Actual: Page loads slowly.,Low,Critical,Performance,Performance Issue,Resolved,Cannot Reproduce,Alice Brown,Automation Bot,2024-09-10,2024-09-18,2024-09-22,Sprint 19 (2024)
QA-318,QA Defects,Bug,Page load takes more than 10 seconds,Steps: Submit form. Expected: User should be redirected. Actual: Page loads slowly.,Low,Minor,Performance,Configuration Issue,Resolved,Duplicate,John Doe,QA Tester,2024-09-11,2024-09-13,2024-09-16,Sprint 19 (2024)
QA-319,QA Defects,Bug,Dropdown options missing in settings,Steps: Open app. Expected: Response should be 200 OK. Actual: Page loads slowly.,Medium,Critical,UI,Memory Leak,In Progress,Duplicate,Alice Brown,Automation Bot,2024-09-12,2024-09-16,2024-09-20,Sprint 19 (2024)
QA-320,QA Defects,Bug,Page load takes more than 10 seconds,Steps: Click logout. Expected: System should work correctly. Actual: Incorrect message displayed.,High,Blocker,Performance,Test Data Issue,Closed,,John Doe,Automation Bot,2024-09-13,2024-09-21,2024-09-22,Sprint 19 (2024)
QA-321,QA Defects,Bug,Password reset email not received,Steps: Click logout. Expected: Data should be saved. Actual: Data not saved.,High,Blocker,Security,Configuration Issue,Resolved,Fixed,Alice Brown,Test Engineer,2024-09-14,2024-09-20,2024-09-27,Sprint 19 (2024)
QA-322,QA Defects,Bug,UI alignment issue on mobile view,Steps: Submit form. Expected: System should work correctly. Actual: Data not saved.,Medium,Minor,UI,Code Bug,In Progress,Won't Fix,Bob Johnson,QA Tester,2024-09-15,2024-09-17,,Sprint 19 (2024)
QA-323,QA Defects,Bug,Export to CSV generates empty file,Steps: Call API endpoint. Expected: Response should be 200 OK. Actual: Page loads slowly.,Low,Minor,Data Handling,Configuration Issue,Open,Won't Fix,Jane Smith,QA Tester,2024-09-17,2024-09-21,2024-09-29,Sprint 19 (2024)
QA-324,QA Defects,Bug,Cross-site scripting vulnerability in comments,Steps: Call API endpoint. Expected: System should work correctly. Actual: Incorrect message displayed.,High,Blocker,General Code Defect,Memory Leak,Closed,Won't Fix,Alice Brown,QA Tester,2024-09-18,2024-09-28,2024-10-08,Sprint 19 (2024)
QA-325,QA Defects,Bug,Application crashes on logout,Steps: Call API endpoint. Expected: System should work correctly. Actual: System crashes.,Medium,Minor,Logging,Code Bug,In Progress,Cannot Reproduce,Alice Brown,Automation Bot,2024-09-19,2024-09-21,2024-09-26,Sprint 19 (2024)
QA-326,QA Defects,Bug,Incorrect calculation in reporting module,Steps: Call API endpoint. Expected: Response should be 200 OK. Actual: Incorrect message displayed.,Low,Critical,Reporting,Test Data Issue,Closed,Cannot Reproduce,John Doe,Test Engineer,2024-09-20,2024-09-22,2024-10-04,Sprint 19 (2024)
QA-327,QA Defects,Bug,Login button not responsive,Steps: Submit form. Expected: System should work correctly. Actual: System crashes.,Medium,Major,UI,Test Data Issue,Open,Cannot Reproduce,Bob Johnson,Automation Bot,2024-09-21,2024-09-26,2024-10-03,Sprint 19 (2024)
QA-328,QA Defects,Bug,Application crashes on logout,Steps: Open app. Expected: System should work correctly. Actual: Page loads slowly.,Low,Blocker,Logging,Environment Issue,In Progress,Fixed,Bob Johnson,Test Engineer,2024-09-22,2024-09-29,,Sprint 19 (2024)
QA-329,QA Defects,Bug,Export to CSV generates empty file,Steps: Click logout. Expected: Response should be 200 OK. Actual: 500 error returned.,High,Critical,Data Handling,Performance Issue,Open,Cannot Reproduce,Mark Lee,Automation Bot,2024-09-24,2024-10-03,,Sprint 20 (2024)
QA-330,QA Defects,Bug,Page load takes more than 10 seconds,Steps: Call API endpoint. Expected: Response should be 200 OK. Actual: Incorrect message displayed.,High,Blocker,Performance,Memory Leak,Closed,Fixed,Jane Smith,Test Engineer,2024-09-25,2024-09-29,2024-10-01,Sprint 20 (2024)
QA-331,QA Defects,Bug,Dropdown options missing in settings,Steps: Click logout. Expected: User should be redirected. Actual: Data not saved.,Medium,Major,UI,Configuration Issue,In Progress,Duplicate,Mark Lee,Automation Bot,2024-09-26,2024-10-05,2024-10-17,Sprint 20 (2024)
QA-332,QA Defects,Bug,Search results not displayed correctly,Steps: Click logout. Expected: Response should be 200 OK. Actual: Incorrect message displayed.,High,Minor,Data Handling,Code Bug,In Progress,Duplicate,Alice Brown,Test Engineer,2024-09-27,2024-10-06,2024-10-13,Sprint 20 (2024)
QA-333,QA Defects,Bug,Search results not displayed correctly,Steps: Open app. Expected: Data should be saved. Actual: Incorrect message displayed.,Low,Critical,Data Handling,Memory Leak,Closed,Fixed,Jane Smith,QA Tester,2024-09-28,2024-09-29,2024-10-04,Sprint 20 (2024)
QA-334,QA Defects,Bug,Page load takes more than 10 seconds,Steps: Click logout. Expected: User should be redirected. Actual: 500 error returned.,Medium,Blocker,Performance,Code Bug,In Progress,,Jane Smith,Automation Bot,2024-09-29,2024-10-05,2024-10-09,Sprint 20 (2024)
QA-335,QA Defects,Bug,Cross-site scripting vulnerability in comments,Steps: Submit form. Expected: Response should be 200 OK. Actual: Page loads slowly.,Medium,Blocker,General Code Defect,Test Data Issue,Resolved,Cannot Reproduce,Bob Johnson,Test Engineer,2024-10-01,2024-10-02,,Sprint 20 (2024)
QA-336,QA Defects,Bug,Memory leak observed under load test,Steps: Click logout. Expected: System should work correctly. Actual: Incorrect message displayed.,High,Major,Performance,Configuration Issue,In Progress,Duplicate,John Doe,Test Engineer,2024-10-02,2024-10-03,2024-10-09,Sprint 20 (2024)
QA-337,QA Defects,Bug,Cache not refreshed after deployment,Steps: Submit form. Expected: Data should be saved. Actual: Incorrect message displayed.,Low,Minor,DevOps,Environment Issue,Open,Cannot Reproduce,John Doe,Automation Bot,2024-10-03,2024-10-13,2024-10-20,Sprint 20 (2024)
QA-338,QA Defects,Bug,User roles not applied correctly after update,Steps: Click logout. Expected: Data should be saved. Actual: Incorrect message displayed.,High,Minor,General Code Defect,Test Data Issue,Open,Cannot Reproduce,Mark Lee,Automation Bot,2024-10-04,2024-10-06,2024-10-07,Sprint 20 (2024)
QA-339,QA Defects,Bug,Cross-site scripting vulnerability in comments,Steps: Click logout. Expected: System should work correctly. Actual: System crashes.,High,Major,General Code Defect,Configuration Issue,Open,Fixed,Alice Brown,Automation Bot,2024-10-05,2024-10-07,2024-10-17,Sprint 20 (2024)
QA-340,QA Defects,Bug,UI alignment issue on mobile view,Steps: Open app. Expected: Data should be saved. Actual: Incorrect message displayed.,Medium,Major,UI,Environment Issue,Closed,Cannot Reproduce,Bob Johnson,Test Engineer,2024-10-06,2024-10-13,2024-10-22,Sprint 20 (2024)
QA-341,QA Defects,Bug,Dropdown options missing in settings,Steps: Click logout. Expected: Data should be saved. Actual: Data not saved.,High,Minor,UI,Memory Leak,Open,Fixed,Bob Johnson,Automation Bot,2024-10-08,2024-10-17,2024-10-29,Sprint 21 (2024)
QA-342,QA Defects,Bug,Export to CSV generates empty file,Steps: Submit form. Expected: User should be redirected. Actual: Page loads slowly.,Medium,Major,Data Handling,Performance Issue,In Progress,Fixed,Bob Johnson,QA Tester,2024-10-09,2024-10-14,,Sprint 21 (2024)
QA-343,QA Defects,Bug,Cache not refreshed after deployment,Steps: Open app. Expected: System should work correctly. Actual: Page loads slowly.,High,Minor,DevOps,Environment Issue,Open,Cannot Reproduce,Bob Johnson,Automation Bot,2024-10-10,2024-10-18,2024-10-19,Sprint 21 (2024)
QA-344,QA Defects,Bug,API returns 500 error on valid request,Steps: Navigate to dashboard. Expected: Response should be 200 OK. Actual: Page loads slowly.,Medium,Minor,API,Test Data Issue,Closed,Duplicate,John Doe,Automation Bot,2024-10-11,2024-10-21,2024-10-31,Sprint 21 (2024)
QA-345,QA Defects,Bug,Data not saved to database after form submit,Steps: Submit form. Expected: User should be redirected. Actual: Page loads slowly.,High,Blocker,Database,Performance Issue,In Progress,Cannot Reproduce,Alice Brown,Test Engineer,2024-10-12,2024-10-18,2024-10-24,Sprint 21 (2024)
QA-346,QA Defects,Bug,Password reset email not received,Steps: Navigate to dashboard. Expected: User should be redirected. Actual: 500 error returned.,Low,Blocker,Security,Code Bug,Resolved,Cannot Reproduce,Mark Lee,Automation Bot,2024-10-14,2024-10-23,2024-10-28,Sprint 21 (2024)
QA-347,QA Defects,Bug,Cache not refreshed after deployment,Steps: Call API endpoint. Expected: Response should be 200 OK. Actual: 500 error returned.,High,Major,DevOps,Environment Issue,Resolved,Won't Fix,John Doe,QA Tester,2024-10-15,2024-10-19,2024-10-23,Sprint 21 (2024)
QA-348,QA Defects,Bug,Cross-site scripting vulnerability in comments,Steps: Open app. Expected: Response should be 200 OK. Actual: Incorrect message displayed.,High,Minor,General Code Defect,Test Data Issue,Closed,Cannot Reproduce,John Doe,QA Tester,2024-10-16,2024-10-23,2024-10-28,Sprint 21 (2024)
QA-349,QA Defects,Bug,User roles not applied correctly after update,Steps: Click logout. Expected: Response should be 200 OK. Actual: Data not saved.,Low,Blocker,General Code Defect,Test Data Issue,Open,Fixed,John Doe,Automation Bot,2024-10-17,2024-10-22,2024-10-23,Sprint 21 (2024)
QA-350,QA Defects,Bug,Page load takes more than 10 seconds,Steps: Navigate to dashboard. Expected: Data should be saved. Actual: Data not saved.,High,Critical,Performance,Configuration Issue,Open,,Bob Johnson,Automation Bot,2024-10-18,2024-10-28,2024-11-11,Sprint 21 (2024)
QA-351,QA Defects,Bug,Memory leak observed under load test,Steps: Open app. Expected: Data should be saved. Actual: Page loads slowly.,High,Major,Performance,Environment Issue,Resolved,Fixed,Alice Brown,Test Engineer,2024-10-19,2024-10-26,2024-11-06,Sprint 21 (2024)
QA-352,QA Defects,Bug,File upload fails for large files,Steps: Click logout. Expected: User should be redirected. Actual: Incorrect message displayed.,High,Minor,Performance,Code Bug,Resolved,Duplicate,John Doe,Automation Bot,2024-10-21,2024-10-29,2024-11-02,Sprint 22 (2024)
QA-353,QA Defects,Bug,Application crashes on logout,Steps: Call API endpoint. Expected: Data should be saved. Actual: System crashes.,High,Minor,Logging,Code Bug,Closed,,Bob Johnson,QA Tester,2024-10-22,2024-10-26,,Sprint 22 (2024)
QA-354,QA Defects,Bug,Cache not refreshed after deployment,Steps: Click logout. Expected: Response should be 200 OK. Actual: Incorrect message displayed.,High,Minor,DevOps,Performance Issue,Resolved,Duplicate,Bob Johnson,Automation Bot,2024-10-23,2024-10-31,2024-11-08,Sprint 22 (2024)
QA-355,QA Defects,Bug,Application crashes on logout,Steps: Submit form. Expected: Data should be saved. Actual: Data not saved.,Low,Critical,Logging,Test Data Issue,Closed,Duplicate,Mark Lee,Test Engineer,2024-10-24,2024-11-02,2024-11-12,Sprint 22 (2024)
QA-356,QA Defects,Bug,Incorrect calculation in reporting module,Steps: Navigate to dashboard. Expected: System should work correctly. Actual: Incorrect message displayed.,High,Major,Reporting,Test Data Issue,In Progress,Duplicate,Alice Brown,Automation Bot,2024-10-25,2024-10-26,2024-11-08,Sprint 22 (2024)
QA-357,QA Defects,Bug,SQL query takes too long to execute,Steps: Click logout. Expected: Response should be 200 OK. Actual: Incorrect message displayed.,Medium,Minor,Database,Code Bug,Closed,Won't Fix,Jane Smith,Automation Bot,2024-10-26,2024-10-27,2024-10-31,Sprint 22 (2024)
QA-358,QA Defects,Bug,Cross-site scripting vulnerability in comments,Steps: Navigate to dashboard. Expected: Data should be saved. Actual: Page loads slowly.,Low,Blocker,General Code Defect,Configuration Issue,In Progress,Fixed,John Doe,Test Engineer,2024-10-28,2024-11-04,2024-11-19,Sprint 22 (2024)
QA-359,QA Defects,Bug,User roles not applied correctly after update,Steps: Open app. Expected: Data should be saved. Actual: Incorrect message displayed.,High,Minor,General Code Defect,Code Bug,Closed,Cannot Reproduce,Jane Smith,QA Tester,2024-10-29,2024-11-03,2024-11-04,Sprint 22 (2024)
QA-360,QA Defects,Bug,Login button not responsive,Steps: Call API endpoint. Expected: Data should be saved. Actual: Page loads slowly.,High,Blocker,UI,Environment Issue,Resolved,Cannot Reproduce,Jane Smith,QA Tester,2024-10-30,2024-11-08,2024-11-15,Sprint 22 (2024)
QA-361,QA Defects,Bug,Chart rendering breaks on dashboard,Steps: Click logout. Expected: User should be redirected. Actual: Data not saved.,High,Critical,General Code Defect,Performance Issue,Closed,Won't Fix,Mark Lee,Automation Bot,2024-10-31,2024-11-09,2024-11-17,Sprint 22 (2024)
QA-362,QA Defects,Bug,Incorrect calculation in reporting module,Steps: Submit form. Expected: System should work correctly. Actual: Incorrect message displayed.,High,Blocker,Reporting,Configuration Issue,In Progress,Duplicate,Mark Lee,Automation Bot,2024-11-01,2024-11-06,2024-11-19,Sprint 22 (2024)
QA-363,QA Defects,Bug,UI alignment issue on mobile view,Steps: Click logout. Expected: System should work correctly. Actual: Incorrect message displayed.,High,Major,UI,Code Bug,Open,,Jane Smith,QA Tester,2024-11-02,2024-11-12,,Sprint 22 (2024)
QA-364,QA Defects,Bug,Cross-site scripting vulnerability in comments,Steps: Click logout. Expected: Response should be 200 OK. Actual: Incorrect message displayed.,Medium,Major,General Code Defect,Environment Issue,In Progress,Cannot Reproduce,Alice Brown,Automation Bot,2024-11-04,2024-11-12,2024-11-14,Sprint 23 (2024)
QA-365,QA Defects,Bug,Cross-site scripting vulnerability in comments,Steps: Call API endpoint. Expected: Data should be saved. Actual: Page loads slowly.,High,Minor,General Code Defect,Test Data Issue,Resolved,Won't Fix,Jane Smith,Automation Bot,2024-11-05,2024-11-11,,Sprint 23 (2024)
QA-366,QA Defects,Bug,SQL query takes too long to execute,Steps: Navigate to dashboard. Expected: User should be redirected. Actual: Incorrect message displayed.,High,Blocker,Database,Environment Issue,In Progress,,John Doe,Test Engineer,2024-11-06,2024-11-07,2024-11-14,Sprint 23 (2024)
QA-367,QA Defects,Bug,Application crashes on logout,Steps: Call API endpoint. Expected: Response should be 200 OK. Actual: System crashes.,Low,Blocker,Logging,Memory Leak,Resolved,Duplicate,Alice Brown,Test Engineer,2024-11-07,2024-11-11,2024-11-13,Sprint 23 (2024)
QA-368,QA Defects,Bug,UI alignment issue on mobile view,Steps: Click logout. Expected: Data should be saved. Actual: Incorrect message displayed.,High,Major,UI,Environment Issue,In Progress,Cannot Reproduce,John Doe,QA Tester,2024-11-08,2024-11-15,2024-11-29,Sprint 23 (2024)
QA-369,QA Defects,Bug,Memory leak observed under load test,Steps: Open app. Expected: System should work correctly. Actual: 500 error returned.,Medium,Major,Performance,Memory Leak,Closed,Cannot Reproduce,Mark Lee,Test Engineer,2024-11-09,2024-11-10,2024-11-22,Sprint 23 (2024)
QA-370,QA Defects,Bug,User roles not applied correctly after update,Steps: Click logout. Expected: User should be redirected. Actual: Data not saved.,High,Minor,General Code Defect,Test Data Issue,Closed,Duplicate,Alice Brown,Test Engineer,2024-11-11,2024-11-19,2024-11-22,Sprint 23 (2024)
QA-371,QA Defects,Bug,API returns 500 error on valid request,Steps: Submit form. Expected: Data should be saved. Actual: Incorrect message displayed.,High,Major,API,Performance Issue,In Progress,Fixed,Mark Lee,QA Tester,2024-11-12,2024-11-16,2024-11-25,Sprint 23 (2024)
QA-372,QA Defects,Bug,Login button not responsive,Steps: Click logout. Expected: Data should be saved. Actual: 500 error returned.,Low,Minor,UI,Test Data Issue,In Progress,Fixed,Bob Johnson,QA Tester,2024-11-13,2024-11-21,2024-11-26,Sprint 23 (2024)
QA-373,QA Defects,Bug,Incorrect calculation in reporting module,Steps: Open app. Expected: Data should be saved. Actual: Page loads slowly.,Low,Blocker,Reporting,Performance Issue,In Progress,Fixed,Jane Smith,QA Tester,2024-11-14,2024-11-21,2024-12-02,Sprint 23 (2024)
QA-374,QA Defects,Bug,Chart rendering breaks on dashboard,Steps: Navigate to dashboard. Expected: Response should be 200 OK. Actual: 500 error returned.,Medium,Critical,General Code Defect,Performance Issue,Open,Cannot Reproduce,Bob Johnson,QA Tester,2024-11-15,2024-11-16,2024-11-20,Sprint 23 (2024)
QA-375,QA Defects,Bug,Incorrect error message shown on invalid input,Steps: Call API endpoint. Expected: System should work correctly. Actual: Incorrect message displayed.,High,Minor,Validation,Code Bug,In Progress,Fixed,Alice Brown,QA Tester,2024-11-16,2024-11-21,2024-12-01,Sprint 23 (2024)
QA-376,QA Defects,Bug,Incorrect error message shown on invalid input,Steps: Submit form. Expected: System should work correctly. Actual: Page loads slowly.,Medium,Critical,Validation,Code Bug,Open,Duplicate,Bob Johnson,Test Engineer,2024-11-18,2024-11-19,2024-12-01,Sprint 24 (2024)
QA-377,QA Defects,Bug,Page load takes more than 10 seconds,Steps: Navigate to dashboard. Expected: Response should be 200 OK. Actual: Page loads slowly.,Low,Minor,Performance,Code Bug,Closed,Duplicate,Alice Brown,Automation Bot,2024-11-19,2024-11-26,,Sprint 24 (2024)
QA-378,QA Defects,Bug,Incorrect error message shown on invalid input,Steps: Open app. Expected: User should be redirected. Actual: Data not saved.,High,Blocker,Validation,Performance Issue,Open,Duplicate,Bob Johnson,Automation Bot,2024-11-20,2024-11-27,2024-11-28,Sprint 24 (2024)
QA-379,QA Defects,Bug,Session timeout not working as expected,Steps: Call API endpoint. Expected: Response should be 200 OK. Actual: Data not saved.,Low,Blocker,Performance,Configuration Issue,Resolved,Cannot Reproduce,Mark Lee,QA Tester,2024-11-21,2024-11-23,2024-11-28,Sprint 24 (2024)
QA-380,QA Defects,Bug,Memory leak observed under load test,Steps: Open app. Expected: System should work correctly. Actual: 500 error returned.,High,Minor,Performance,Configuration Issue,Resolved,Fixed,Mark Lee,QA Tester,2024-11-22,2024-12-01,2024-12-14,Sprint 24 (2024)
QA-381,QA Defects,Bug,Password reset email not received,Steps: Submit form. Expected: Response should be 200 OK. Actual: System crashes.,Low,Major,Security,Code Bug,Closed,Cannot Reproduce,Alice Brown,Automation Bot,2024-11-24,2024-12-02,,Sprint 24 (2024)
QA-382,QA Defects,Bug,Cross-site scripting vulnerability in comments,Steps: Open app. Expected: Response should be 200 OK. Actual: System crashes.,Medium,Minor,General Code Defect,Environment Issue,Closed,Fixed,Bob Johnson,Automation Bot,2024-11-25,2024-12-01,2024-12-12,Sprint 24 (2024)
QA-383,QA Defects,Bug,Export to CSV generates empty file,Steps: Open app. Expected: User should be redirected. Actual: System crashes.,Medium,Blocker,Data Handling,Memory Leak,Closed,Fixed,Alice Brown,Test Engineer,2024-11-26,2024-12-04,2024-12-09,Sprint 24 (2024)
QA-384,QA Defects,Bug,Password reset email not received,Steps: Navigate to dashboard. Expected: User should be redirected. Actual: Data not saved.,Medium,Blocker,Security,Configuration Issue,Open,,Jane Smith,Automation Bot,2024-11-27,2024-11-29,2024-12-09,Sprint 24 (2024)
QA-385,QA Defects,Bug,UI alignment issue on mobile view,Steps: Call API endpoint. Expected: User should be redirected. Actual: 500 error returned.,Medium,Minor,UI,Memory Leak,In Progress,Cannot Reproduce,John Doe,Automation Bot,2024-11-28,2024-12-05,2024-12-19,Sprint 24 (2024)
QA-386,QA Defects,Bug,Search results not displayed correctly,Steps: Click logout. Expected: Data should be saved. Actual: Page loads slowly.,Low,Blocker,Data Handling,Configuration Issue,Open,Duplicate,Bob Johnson,QA Tester,2024-11-29,2024-12-04,,Sprint 24 (2024)
QA-387,QA Defects,Bug,Page load takes more than 10 seconds,Steps: Call API endpoint. Expected: Data should be saved. Actual: Page loads slowly.,Medium,Minor,Performance,Test Data Issue,Resolved,,Alice Brown,Test Engineer,2024-12-01,2024-12-11,2024-12-17,Sprint 24 (2024)
QA-388,QA Defects,Bug,Cross-site scripting vulnerability in comments,Steps: Navigate to dashboard. Expected: User should be redirected. Actual: System crashes.,Low,Blocker,General Code Defect,Configuration Issue,Closed,,Jane Smith,QA Tester,2024-12-02,2024-12-08,2024-12-21,Sprint 25 (2024)
QA-389,QA Defects,Bug,UI alignment issue on mobile view,Steps: Call API endpoint. Expected: User should be redirected. Actual: Data not saved.,High,Critical,UI,Test Data Issue,Closed,Cannot Reproduce,John Doe,QA Tester,2024-12-03,2024-12-05,2024-12-20,Sprint 25 (2024)
QA-390,QA Defects,Bug,Export to CSV generates empty file,Steps: Click logout. Expected: User should be redirected. Actual: Data not saved.,Low,Blocker,Data Handling,Configuration Issue,In Progress,Won't Fix,Bob Johnson,Test Engineer,2024-12-04,2024-12-11,2024-12-24,Sprint 25 (2024)
QA-391,QA Defects,Bug,Export to CSV generates empty file,Steps: Open app. Expected: Response should be 200 OK. Actual: 500 error returned.,Medium,Blocker,Data Handling,Environment Issue,Closed,,Mark Lee,QA Tester,2024-12-05,2024-12-09,2024-12-14,Sprint 25 (2024)
QA-392,QA Defects,Bug,Cache not refreshed after deployment,Steps: Click logout. Expected: Data should be saved. Actual: System crashes.,High,Critical,DevOps,Code Bug,Closed,Duplicate,Jane Smith,QA Tester,2024-12-06,2024-12-12,,Sprint 25 (2024)
QA-393,QA Defects,Bug,Cross-site scripting vulnerability in comments,Steps: Submit form. Expected: User should be redirected. Actual: Data not saved.,High,Minor,General Code Defect,Configuration Issue,Open,Cannot Reproduce,Alice Brown,Automation Bot,2024-12-08,2024-12-13,2024-12-14,Sprint 25 (2024)
QA-394,QA Defects,Bug,User roles not applied correctly after update,Steps: Call API endpoint. Expected: Data should be saved. Actual: System crashes.,High,Major,General Code Defect,Memory Leak,Open,Duplicate,Bob Johnson,Automation Bot,2024-12-09,2024-12-11,2024-12-24,Sprint 25 (2024)
QA-395,QA Defects,Bug,Search results not displayed correctly,Steps: Call API endpoint. Expected: User should be redirected. Actual: Page loads slowly.,Low,Blocker,Data Handling,Test Data Issue,Closed,Duplicate,John Doe,Test Engineer,2024-12-10,2024-12-12,2024-12-18,Sprint 25 (2024)
QA-396,QA Defects,Bug,Chart rendering breaks on dashboard,Steps: Navigate to dashboard. Expected: System should work correctly. Actual: Data not saved.,Medium,Critical,General Code Defect,Code Bug,Resolved,Fixed,Mark Lee,Automation Bot,2024-12-11,2024-12-17,2024-12-22,Sprint 25 (2024)
QA-397,QA Defects,Bug,Incorrect calculation in reporting module,Steps: Click logout. Expected: System should work correctly. Actual: Page loads slowly.,Medium,Critical,Reporting,Performance Issue,Closed,,Mark Lee,Automation Bot,2024-12-12,2024-12-19,2024-12-29,Sprint 25 (2024)
QA-398,QA Defects,Bug,Incorrect error message shown on invalid input,Steps: Open app. Expected: Response should be 200 OK. Actual: Data not saved.,High,Critical,Validation,Memory Leak,In Progress,Won't Fix,Alice Brown,Automation Bot,2024-12-13,2024-12-23,,Sprint 25 (2024)
QA-399,QA Defects,Bug,Memory leak observed under load test,Steps: Navigate to dashboard. Expected: User should be redirected. Actual: Incorrect message displayed.,Low,Blocker,Performance,Configuration Issue,Resolved,Won't Fix,Alice Brown,QA Tester,2024-12-15,2024-12-21,2024-12-28,Sprint 25 (2024)
QA-400,QA Defects,Bug,Data not saved to database after form submit,Steps: Call API endpoint. Expected: Data should be saved. Actual: 500 error returned.,Medium,Blocker,Database,Test Data Issue,Closed,Duplicate,Bob Johnson,Automation Bot,2024-12-16,2024-12-17,2024-12-21,Sprint 26 (2024)
QA-401,QA Defects,Bug,Dropdown options missing in settings,Steps: Open app. Expected: Response should be 200 OK. Actual: 500 error returned.,Medium,Major,UI,Configuration Issue,Closed,,Jane Smith,Test Engineer,2024-12-17,2024-12-23,2025-01-01,Sprint 26 (2024)
QA-402,QA Defects,Bug,Chart rendering breaks on dashboard,Steps: Submit form. Expected: System should work correctly. Actual: Page loads slowly.,Low,Blocker,General Code Defect,Configuration Issue,Open,,John Doe,Test Engineer,2024-12-18,2024-12-21,2025-01-03,Sprint 26 (2024)
QA-403,QA Defects,Bug,Dropdown options missing in settings,Steps: Click logout. Expected: System should work correctly. Actual: Data not saved.,Medium,Critical,UI,Memory Leak,In Progress,,Alice Brown,Automation Bot,2024-12-19,2024-12-27,,Sprint 26 (2024)
QA-404,QA Defects,Bug,Cache not refreshed after deployment,Steps: Navigate to dashboard. Expected: User should be redirected. Actual: Page loads slowly.,Low,Blocker,DevOps,Memory Leak,Resolved,Cannot Reproduce,Bob Johnson,Test Engineer,2024-12-20,2024-12-22,2024-12-24,Sprint 26 (2024)
QA-405,QA Defects,Bug,Dropdown options missing in settings,Steps: Navigate to dashboard. Expected: Response should be 200 OK. Actual: Page loads slowly.,Low,Critical,UI,Environment Issue,Resolved,Cannot Reproduce,Bob Johnson,Test Engineer,2024-12-22,2024-12-25,2025-01-06,Sprint 26 (2024)
QA-406,QA Defects,Bug,SQL query takes too long to execute,Steps: Navigate to dashboard. Expected: Response should be 200 OK. Actual: Page loads slowly.,Medium,Minor,Database,Test Data Issue,Open,Won't Fix,Jane Smith,Test Engineer,2024-12-23,2024-12-26,2025-01-09,Sprint 26 (2024)
QA-407,QA Defects,Bug,Cache not refreshed after deployment,Steps: Open app. Expected: Response should be 200 OK. Actual: Incorrect message displayed.,High,Minor,DevOps,Code Bug,Closed,,Jane Smith,Test Engineer,2024-12-24,2024-12-31,2025-01-13,Sprint 26 (2024)
QA-408,QA Defects,Bug,API returns 500 error on valid request,Steps: Click logout. Expected: User should be redirected. Actual: Page loads slowly.,Low,Critical,API,Configuration Issue,In Progress,Fixed,Jane Smith,Automation Bot,2024-12-25,2025-01-02,,Sprint 26 (2024)
QA-409,QA Defects,Bug,Search results not displayed correctly,Steps: Navigate to dashboard. Expected: User should be redirected. Actual: Incorrect message displayed.,Medium,Minor,Data Handling,Code Bug,Resolved,Cannot Reproduce,Jane Smith,Test Engineer,2024-12-26,2025-01-02,2025-01-16,Sprint 26 (2024)
QA-410,QA Defects,Bug,UI alignment issue on mobile view,Steps: Open app. Expected: System should work correctly. Actual: System crashes.,Low,Blocker,UI,Configuration Issue,In Progress,Won't Fix,Alice Brown,Automation Bot,2024-12-27,2024-12-29,2025-01-10,Sprint 26 (2024)
QA-411,QA Defects,Bug,Application crashes on logout,Steps: Call API endpoint. Expected: System should work correctly. Actual: Page loads slowly.,High,Blocker,Logging,Memory Leak,Open,Cannot Reproduce,Jane Smith,QA Tester,2024-12-29,2025-01-07,2025-01-18,Sprint 26 (2024)
QA-412,QA Defects,Bug,Chart rendering breaks on dashboard,Steps: Submit form. Expected: Response should be 200 OK. Actual: Data not saved.,Medium,Minor,General Code Defect,Configuration Issue,Open,,Jane Smith,Automation Bot,2024-12-30,2025-01-09,2025-01-23,Sprint 27 (2024)
QA-413,QA Defects,Bug,Session timeout not working as expected,Steps: Submit form. Expected: Response should be 200 OK. Actual: System crashes.,Low,Critical,Performance,Performance Issue,In Progress,,Jane Smith,Automation Bot,2024-12-31,2025-01-08,2025-01-22,Sprint 27 (2024)
QA-414,QA Defects,Bug,Data not saved to database after form submit,Steps: Open app. Expected: Data should be saved. Actual: 500 error returned.,High,Critical,Database,Test Data Issue,Closed,Cannot Reproduce,Jane Smith,Test Engineer,2025-01-01,2025-01-11,2025-01-18,Sprint 1 (2025)
QA-415,QA Defects,Bug,Search results not displayed correctly,Steps: Open app. Expected: System should work correctly. Actual: System crashes.,Low,Major,Data Handling,Environment Issue,Closed,Won't Fix,Alice Brown,Automation Bot,2025-01-02,2025-01-06,2025-01-07,Sprint 1 (2025)
QA-416,QA Defects,Bug,Data not saved to database after form submit,Steps: Submit form. Expected: User should be redirected. Actual: 500 error returned.,Medium,Blocker,Database,Performance Issue,In Progress,Cannot Reproduce,Mark Lee,Automation Bot,2025-01-04,2025-01-11,2025-01-22,Sprint 1 (2025)
QA-417,QA Defects,Bug,Dropdown options missing in settings,Steps: Click logout. Expected: User should be redirected. Actual: Page loads slowly.,High,Minor,UI,Test Data Issue,In Progress,,John Doe,QA Tester,2025-01-05,2025-01-13,2025-01-21,Sprint 1 (2025)
QA-418,QA Defects,Bug,UI alignment issue on mobile view,Steps: Call API endpoint. Expected: User should be redirected. Actual: Data not saved.,High,Critical,UI,Memory Leak,Closed,Duplicate,Jane Smith,QA Tester,2025-01-06,2025-01-15,2025-01-28,Sprint 1 (2025)
QA-419,QA Defects,Bug,Login button not responsive,Steps: Click logout. Expected: Data should be saved. Actual: Data not saved.,Medium,Major,UI,Code Bug,Closed,Fixed,John Doe,Automation Bot,2025-01-07,2025-01-10,2025-01-21,Sprint 1 (2025)
QA-420,QA Defects,Bug,Cross-site scripting vulnerability in comments,Steps: Open app. Expected: Response should be 200 OK. Actual: Incorrect message displayed.,Medium,Critical,General Code Defect,Code Bug,In Progress,Fixed,Jane Smith,Test Engineer,2025-01-08,2025-01-10,2025-01-13,Sprint 1 (2025)
QA-421,QA Defects,Bug,Application crashes on logout,Steps: Click logout. Expected: Data should be saved. Actual: 500 error returned.,Medium,Blocker,Logging,Memory Leak,Resolved,Cannot Reproduce,Bob Johnson,QA Tester,2025-01-09,2025-01-16,2025-01-23,Sprint 1 (2025)
QA-422,QA Defects,Bug,Incorrect calculation in reporting module,Steps: Navigate to dashboard. Expected: System should work correctly. Actual: System crashes.,Medium,Major,Reporting,Test Data Issue,In Progress,Duplicate,John Doe,QA Tester,2025-01-11,2025-01-20,,Sprint 1 (2025)
QA-423,QA Defects,Bug,Login button not responsive,Steps: Navigate to dashboard. Expected: System should work correctly. Actual: 500 error returned.,Medium,Major,UI,Code Bug,Closed,Cannot Reproduce,Mark Lee,Automation Bot,2025-01-12,2025-01-22,,Sprint 1 (2025)
QA-424,QA Defects,Bug,UI alignment issue on mobile view,Steps: Navigate to dashboard. Expected: User should be redirected. Actual: Incorrect message displayed.,Low,Blocker,UI,Test Data Issue,Closed,Duplicate,Mark Lee,Test Engineer,2025-01-13,2025-01-16,2025-01-17,Sprint 1 (2025)
QA-425,QA Defects,Bug,Password reset email not received,Steps: Navigate to dashboard. Expected: Response should be 200 OK. Actual: Data not saved.,High,Minor,Security,Test Data Issue,Resolved,Fixed,John Doe,Test Engineer,2025-01-14,2025-01-15,2025-01-23,Sprint 1 (2025)
QA-426,QA Defects,Bug,Session timeout not working as expected,Steps: Submit form. Expected: Data should be saved. Actual: Page loads slowly.,Low,Minor,Performance,Memory Leak,Open,,John Doe,QA Tester,2025-01-15,2025-01-23,,Sprint 2 (2025)
QA-427,QA Defects,Bug,Cross-site scripting vulnerability in comments,Steps: Submit form. Expected: System should work correctly. Actual: Page loads slowly.,Low,Critical,General Code Defect,Test Data Issue,Closed,Duplicate,John Doe,Test Engineer,2025-01-16,2025-01-26,2025-02-04,Sprint 2 (2025)
QA-428,QA Defects,Bug,Dropdown options missing in settings,Steps: Click logout. Expected: Response should be 200 OK. Actual: Incorrect message displayed.,Medium,Minor,UI,Memory Leak,Open,Fixed,Jane Smith,QA Tester,2025-01-18,2025-01-20,2025-01-27,Sprint 2 (2025)
QA-429,QA Defects,Bug,SQL query takes too long to execute,Steps: Open app. Expected: User should be redirected. Actual: Page loads slowly.,High,Critical,Database,Environment Issue,Closed,Cannot Reproduce,Jane Smith,Automation Bot,2025-01-19,2025-01-28,2025-02-10,Sprint 2 (2025)
QA-430,QA Defects,Bug,Page load takes more than 10 seconds,Steps: Navigate to dashboard. Expected: Data should be saved. Actual: System crashes.,Medium,Blocker,Performance,Environment Issue,Closed,Won't Fix,Bob Johnson,QA Tester,2025-01-20,2025-01-21,2025-01-22,Sprint 2 (2025)
QA-431,QA Defects,Bug,File upload fails for large files,Steps: Open app. Expected: Response should be 200 OK. Actual: Data not saved.,Low,Minor,Performance,Performance Issue,Closed,Won't Fix,Jane Smith,Automation Bot,2025-01-21,2025-01-24,2025-02-02,Sprint 2 (2025)
QA-432,QA Defects,Bug,Memory leak observed under load test,Steps: Navigate to dashboard. Expected: System should work correctly. Actual: 500 error returned.,Low,Major,Performance,Environment Issue,Resolved,,Mark Lee,Automation Bot,2025-01-22,2025-01-24,,Sprint 2 (2025)
QA-433,QA Defects,Bug,Password reset email not received,Steps: Click logout. Expected: System should work correctly. Actual: Data not saved.,High,Blocker,Security,Test Data Issue,In Progress,Duplicate,Alice Brown,Automation Bot,2025-01-23,2025-01-30,2025-02-03,Sprint 2 (2025)
QA-434,QA Defects,Bug,Memory leak observed under load test,Steps: Open app. Expected: User should be redirected. Actual: Data not saved.,Medium,Blocker,Performance,Memory Leak,Closed,Duplicate,John Doe,QA Tester,2025-01-25,2025-02-03,2025-02-10,Sprint 2 (2025)
QA-435,QA Defects,Bug,UI alignment issue on mobile view,Steps: Open app. Expected: System should work correctly. Actual: System crashes.,High,Blocker,UI,Test Data Issue,Closed,Won't Fix,Bob Johnson,QA Tester,2025-01-26,2025-01-29,2025-02-10,Sprint 2 (2025)
QA-436,QA Defects,Bug,Data not saved to database after form submit,Steps: Call API endpoint. Expected: Data should be saved. Actual: System crashes.,Low,Minor,Database,Code Bug,Closed,Won't Fix,John Doe,Automation Bot,2025-01-27,2025-02-06,,Sprint 2 (2025)
QA-437,QA Defects,Bug,API returns 500 error on valid request,Steps: Click logout. Expected: Data should be saved. Actual: 500 error returned.,Low,Critical,API,Memory Leak,In Progress,Fixed,Mark Lee,Automation Bot,2025-01-28,2025-02-03,2025-02-10,Sprint 2 (2025)
QA-438,QA Defects,Bug,API returns 500 error on valid request,Steps: Call API endpoint. Expected: Data should be saved. Actual: System crashes.,Low,Critical,API,Configuration Issue,Open,Won't Fix,John Doe,Test Engineer,2025-01-29,2025-02-08,2025-02-11,Sprint 3 (2025)
QA-439,QA Defects,Bug,Export to CSV generates empty file,Steps: Click logout. Expected: User should be redirected. Actual: Incorrect message displayed.,Medium,Major,Data Handling,Configuration Issue,Resolved,Fixed,Alice Brown,Test Engineer,2025-01-30,2025-02-01,2025-02-08,Sprint 3 (2025)
QA-440,QA Defects,Bug,File upload fails for large files,Steps: Click logout. Expected: Data should be saved. Actual: System crashes.,Low,Critical,Performance,Configuration Issue,Closed,Duplicate,Bob Johnson,Test Engineer,2025-02-01,2025-02-09,,Sprint 3 (2025)
QA-441,QA Defects,Bug,File upload fails for large files,Steps: Submit form. Expected: Response should be 200 OK. Actual: System crashes.,Low,Critical,Performance,Configuration Issue,Resolved,,Bob Johnson,QA Tester,2025-02-02,2025-02-11,2025-02-26,Sprint 3 (2025)
QA-442,QA Defects,Bug,Incorrect calculation in reporting module,Steps: Open app. Expected: Data should be saved. Actual: System crashes.,Low,Blocker,Reporting,Code Bug,Open,Cannot Reproduce,Mark Lee,QA Tester,2025-02-03,2025-02-05,2025-02-13,Sprint 3 (2025)
QA-443,QA Defects,Bug,Memory leak observed under load test,Steps: Call API endpoint. Expected: System should work correctly. Actual: Data not saved.,Medium,Blocker,Performance,Configuration Issue,In Progress,,Alice Brown,Automation Bot,2025-02-04,2025-02-14,,Sprint 3 (2025)
QA-444,QA Defects,Bug,UI alignment issue on mobile view,Steps: Navigate to dashboard. Expected: User should be redirected. Actual: 500 error returned.,Medium,Minor,UI,Test Data Issue,Closed,Cannot Reproduce,Alice Brown,QA Tester,2025-02-05,2025-02-15,2025-02-28,Sprint 3 (2025)
QA-445,QA Defects,Bug,Incorrect calculation in reporting module,Steps: Click logout. Expected: Response should be 200 OK. Actual: Data not saved.,Medium,Minor,Reporting,Memory Leak,Open,Duplicate,Bob Johnson,Automation Bot,2025-02-06,2025-02-11,,Sprint 3 (2025)
QA-446,QA Defects,Bug,Incorrect calculation in reporting module,Steps: Click logout. Expected: System should work correctly. Actual: 500 error returned.,Medium,Minor,Reporting,Test Data Issue,Resolved,,Jane Smith,Automation Bot,2025-02-08,2025-02-16,2025-02-27,Sprint 3 (2025)
QA-447,QA Defects,Bug,Page load takes more than 10 seconds,Steps: Open app. Expected: User should be redirected. Actual: Page loads slowly.,High,Major,Performance,Configuration Issue,Closed,Fixed,Mark Lee,QA Tester,2025-02-09,2025-02-12,2025-02-21,Sprint 3 (2025)
QA-448,QA Defects,Bug,Memory leak observed under load test,Steps: Call API endpoint. Expected: Response should be 200 OK. Actual: Page loads slowly.,High,Major,Performance,Test Data Issue,Closed,Cannot Reproduce,Alice Brown,QA Tester,2025-02-10,2025-02-18,2025-03-02,Sprint 3 (2025)
QA-449,QA Defects,Bug,Session timeout not working as expected,Steps: Click logout. Expected: User should be redirected. Actual: Data not saved.,Low,Blocker,Performance,Code Bug,Closed,Won't Fix,Mark Lee,Test Engineer,2025-02-11,2025-02-12,2025-02-25,Sprint 3 (2025)
QA-450,QA Defects,Bug,Application crashes on logout,Steps: Call API endpoint. Expected: Data should be saved. Actual: Data not saved.,Medium,Major,Logging,Environment Issue,Closed,Duplicate,Alice Brown,Test Engineer,2025-02-12,2025-02-14,2025-02-27,Sprint 4 (2025)
QA-451,QA Defects,Bug,Incorrect calculation in reporting module,Steps: Navigate to dashboard. Expected: System should work correctly. Actual: Data not saved.,Medium,Major,Reporting,Memory Leak,In Progress,Cannot Reproduce,Alice Brown,Automation Bot,2025-02-14,2025-02-16,2025-02-26,Sprint 4 (2025)
QA-452,QA Defects,Bug,Search results not displayed correctly,Steps: Navigate to dashboard. Expected: User should be redirected. Actual: 500 error returned.,Medium,Blocker,Data Handling,Memory Leak,Closed,,John Doe,Automation Bot,2025-02-15,2025-02-25,,Sprint 4 (2025)
QA-453,QA Defects,Bug,API returns 500 error on valid request,Steps: Submit form. Expected: Data should be saved. Actual: Page loads slowly.,Medium,Minor,API,Memory Leak,Closed,,Bob Johnson,Test Engineer,2025-02-16,2025-02-23,2025-02-25,Sprint 4 (2025)
QA-454,QA Defects,Bug,API returns 500 error on valid request,Steps: Submit form. Expected: Data should be saved. Actual: Incorrect message displayed.,Low,Major,API,Configuration Issue,Resolved,Fixed,Jane Smith,QA Tester,2025-02-17,2025-02-26,2025-03-06,Sprint 4 (2025)
QA-455,QA Defects,Bug,Data not saved to database after form submit,Steps: Open app. Expected: System should work correctly. Actual: System crashes.,High,Minor,Database,Test Data Issue,Open,Cannot Reproduce,Jane Smith,Automation Bot,2025-02-18,2025-02-20,2025-02-23,Sprint 4 (2025)
QA-456,QA Defects,Bug,Password reset email not received,Steps: Submit form. Expected: User should be redirected. Actual: Data not saved.,Low,Critical,Security,Environment Issue,Closed,Duplicate,Bob Johnson,Test Engineer,2025-02-19,2025-02-24,2025-03-07,Sprint 4 (2025)
QA-457,QA Defects,Bug,Incorrect error message shown on invalid input,Steps: Open app. Expected: User should be redirected. Actual: Incorrect message displayed.,Medium,Minor,Validation,Performance Issue,Resolved,Fixed,John Doe,Test Engineer,2025-02-21,2025-02-26,2025-02-27,Sprint 4 (2025)
QA-458,QA Defects,Bug,UI alignment issue on mobile view,Steps: Open app. Expected: Data should be saved. Actual: System crashes.,Medium,Minor,UI,Environment Issue,Resolved,Duplicate,John Doe,Automation Bot,2025-02-22,2025-02-27,2025-03-03,Sprint 4 (2025)
QA-459,QA Defects,Bug,Session timeout not working as expected,Steps: Navigate to dashboard. Expected: Response should be 200 OK. Actual: 500 error returned.,Low,Critical,Performance,Performance Issue,In Progress,Cannot Reproduce,Alice Brown,QA Tester,2025-02-23,2025-03-02,2025-03-05,Sprint 4 (2025)
QA-460,QA Defects,Bug,Session timeout not working as expected,Steps: Click logout. Expected: Response should be 200 OK. Actual: 500 error returned.,Medium,Minor,Performance,Environment Issue,In Progress,Duplicate,John Doe,QA Tester,2025-02-24,2025-02-28,,Sprint 4 (2025)
QA-461,QA Defects,Bug,Cache not refreshed after deployment,Steps: Call API endpoint. Expected: System should work correctly. Actual: 500 error returned.,High,Critical,DevOps,Configuration Issue,Resolved,Duplicate,Alice Brown,Automation Bot,2025-02-25,2025-03-01,2025-03-12,Sprint 4 (2025)
QA-462,QA Defects,Bug,File upload fails for large files,Steps: Click logout. Expected: Data should be saved. Actual: Data not saved.,Medium,Blocker,Performance,Code Bug,In Progress,,Mark Lee,Test Engineer,2025-02-26,2025-03-06,,Sprint 5 (2025)
QA-463,QA Defects,Bug,Export to CSV generates empty file,Steps: Submit form. Expected: User should be redirected. Actual: System crashes.,High,Critical,Data Handling,Test Data Issue,In Progress,,Alice Brown,Automation Bot,2025-02-28,2025-03-05,2025-03-19,Sprint 5 (2025)
QA-464,QA Defects,Bug,Application crashes on logout,Steps: Call API endpoint. Expected: Response should be 200 OK. Actual: Incorrect message displayed.,Medium,Minor,Logging,Test Data Issue,Resolved,Won't Fix,Alice Brown,Automation Bot,2025-03-01,2025-03-03,2025-03-17,Sprint 5 (2025)
QA-465,QA Defects,Bug,Session timeout not working as expected,Steps: Submit form. Expected: Response should be 200 OK. Actual: 500 error returned.,High,Blocker,Performance,Memory Leak,Resolved,,Jane Smith,Automation Bot,2025-03-02,2025-03-12,,Sprint 5 (2025)
QA-466,QA Defects,Bug,Export to CSV generates empty file,Steps: Open app. Expected: User should be redirected. Actual: Incorrect message displayed.,Medium,Blocker,Data Handling,Code Bug,Resolved,Cannot Reproduce,Alice Brown,QA Tester,2025-03-03,2025-03-06,2025-03-10,Sprint 5 (2025)
QA-467,QA Defects,Bug,File upload fails for large files,Steps: Submit form. Expected: Response should be 200 OK. Actual: 500 error returned.,High,Blocker,Performance,Performance Issue,Open,Fixed,Alice Brown,Automation Bot,2025-03-04,2025-03-06,2025-03-10,Sprint 5 (2025)
QA-468,QA Defects,Bug,User roles not applied correctly after update,Steps: Call API endpoint. Expected: User should be redirected. Actual: Page loads slowly.,Medium,Minor,General Code Defect,Configuration Issue,Open,Won't Fix,Mark Lee,Automation Bot,2025-03-05,2025-03-11,2025-03-13,Sprint 5 (2025)
QA-469,QA Defects,Bug,Data not saved to database after form submit,Steps: Navigate to dashboard. Expected: User should be redirected. Actual: 500 error returned.,Medium,Blocker,Database,Configuration Issue,In Progress,Fixed,Bob Johnson,Test Engineer,2025-03-07,2025-03-09,,Sprint 5 (2025)
QA-470,QA Defects,Bug,Login button not responsive,Steps: Submit form. Expected: User should be redirected. Actual: Page loads slowly.,Low,Critical,UI,Environment Issue,Resolved,Won't Fix,John Doe,QA Tester,2025-03-08,2025-03-16,2025-03-28,Sprint 5 (2025)
QA-471,QA Defects,Bug,User roles not applied correctly after update,Steps: Open app. Expected: System should work correctly. Actual: Data not saved.,High,Blocker,General Code Defect,Test Data Issue,Open,Won't Fix,Bob Johnson,Test Engineer,2025-03-09,2025-03-18,2025-03-24,Sprint 5 (2025)
QA-472,QA Defects,Bug,Data not saved to database after form submit,Steps: Open app. Expected: User should be redirected. Actual: Data not saved.,Low,Critical,Database,Test Data Issue,Open,Fixed,Alice Brown,Automation Bot,2025-03-10,2025-03-19,,Sprint 5 (2025)
QA-473,QA Defects,Bug,Incorrect error message shown on invalid input,Steps: Open app. Expected: System should work correctly. Actual: System crashes.,High,Major,Validation,Memory Leak,Open,Fixed,Jane Smith,QA Tester,2025-03-11,2025-03-21,,Sprint 5 (2025)
QA-474,QA Defects,Bug,Cross-site scripting vulnerability in comments,Steps: Submit form. Expected: Response should be 200 OK. Actual: Data not saved.,Medium,Minor,General Code Defect,Memory Leak,Closed,Won't Fix,John Doe,Test Engineer,2025-03-12,2025-03-21,,Sprint 6 (2025)
QA-475,QA Defects,Bug,Password reset email not received,Steps: Submit form. Expected: Data should be saved. Actual: System crashes.,High,Critical,Security,Test Data Issue,Resolved,,Bob Johnson,Test Engineer,2025-03-14,2025-03-24,2025-04-03,Sprint 6 (2025)
QA-476,QA Defects,Bug,Chart rendering breaks on dashboard,Steps: Click logout. Expected: Response should be 200 OK. Actual: 500 error returned.,Low,Major,General Code Defect,Performance Issue,In Progress,Won't Fix,Alice Brown,Test Engineer,2025-03-15,2025-03-16,,Sprint 6 (2025)
QA-477,QA Defects,Bug,File upload fails for large files,Steps: Open app. Expected: Data should be saved. Actual: Incorrect message displayed.,Low,Major,Performance,Configuration Issue,In Progress,Cannot Reproduce,John Doe,Test Engineer,2025-03-16,2025-03-22,2025-03-26,Sprint 6 (2025)
QA-478,QA Defects,Bug,UI alignment issue on mobile view,Steps: Call API endpoint. Expected: Data should be saved. Actual: Incorrect message displayed.,Low,Minor,UI,Code Bug,In Progress,,Mark Lee,Automation Bot,2025-03-17,2025-03-25,2025-04-08,Sprint 6 (2025)
QA-479,QA Defects,Bug,File upload fails for large files,Steps: Click logout. Expected: Response should be 200 OK. Actual: Data not saved.,Medium,Critical,Performance,Performance Issue,Closed,Duplicate,Mark Lee,Automation Bot,2025-03-18,2025-03-27,2025-04-09,Sprint 6 (2025)
QA-480,QA Defects,Bug,Search results not displayed correctly,Steps: Open app. Expected: System should work correctly. Actual: Incorrect message displayed.,Low,Critical,Data Handling,Environment Issue,Open,Duplicate,Bob Johnson,Test Engineer,2025-03-19,2025-03-25,2025-04-06,Sprint 6 (2025)
QA-481,QA Defects,Bug,Application crashes on logout,Steps: Navigate to dashboard. Expected: System should work correctly. Actual: System crashes.,Medium,Minor,Logging,Configuration Issue,Resolved,Fixed,John Doe,Test Engineer,2025-03-21,2025-03-24,2025-04-08,Sprint 6 (2025)
QA-482,QA Defects,Bug,Memory leak observed under load test,Steps: Click logout. Expected: User should be redirected. Actual: System crashes.,Low,Critical,Performance,Performance Issue,In Progress,Cannot Reproduce,Bob Johnson,Test Engineer,2025-03-22,2025-03-23,2025-03-30,Sprint 6 (2025)
QA-483,QA Defects,Bug,Dropdown options missing in settings,Steps: Submit form. Expected: Response should be 200 OK. Actual: 500 error returned.,Low,Minor,UI,Performance Issue,Open,Duplicate,John Doe,Automation Bot,2025-03-23,2025-03-31,2025-04-12,Sprint 6 (2025)
QA-484,QA Defects,Bug,Search results not displayed correctly,Steps: Open app. Expected: System should work correctly. Actual: Incorrect message displayed.,Low,Critical,Data Handling,Memory Leak,Resolved,Won't Fix,Alice Brown,Automation Bot,2025-03-24,2025-03-26,,Sprint 6 (2025)
QA-485,QA Defects,Bug,SQL query takes too long to execute,Steps: Navigate to dashboard. Expected: System should work correctly. Actual: Page loads slowly.,Medium,Critical,Database,Configuration Issue,In Progress,Duplicate,Mark Lee,Automation Bot,2025-03-25,2025-03-28,2025-04-11,Sprint 6 (2025)
QA-486,QA Defects,Bug,API returns 500 error on valid request,Steps: Open app. Expected: Data should be saved. Actual: Data not saved.,Low,Major,API,Performance Issue,Open,,Bob Johnson,QA Tester,2025-03-27,2025-04-06,,Sprint 7 (2025)
QA-487,QA Defects,Bug,Memory leak observed under load test,Steps: Open app. Expected: Data should be saved. Actual: 500 error returned.,Medium,Blocker,Performance,Memory Leak,In Progress,Fixed,Mark Lee,Test Engineer,2025-03-28,2025-03-30,,Sprint 7 (2025)
QA-488,QA Defects,Bug,Cache not refreshed after deployment,Steps: Call API endpoint. Expected: Response should be 200 OK. Actual: Incorrect message displayed.,Low,Critical,DevOps,Performance Issue,Closed,Duplicate,Bob Johnson,Test Engineer,2025-03-29,2025-04-02,,Sprint 7 (2025)
QA-489,QA Defects,Bug,Dropdown options missing in settings,Steps: Call API endpoint. Expected: System should work correctly. Actual: 500 error returned.,Low,Blocker,UI,Environment Issue,In Progress,Cannot Reproduce,Mark Lee,Automation Bot,2025-03-30,2025-04-01,2025-04-16,Sprint 7 (2025)
QA-490,QA Defects,Bug,Cross-site scripting vulnerability in comments,Steps: Click logout. Expected: System should work correctly. Actual: 500 error returned.,Medium,Critical,General Code Defect,Test Data Issue,Resolved,,John Doe,Automation Bot,2025-03-31,2025-04-10,2025-04-19,Sprint 7 (2025)
QA-491,QA Defects,Bug,Application crashes on logout,Steps: Click logout. Expected: Response should be 200 OK. Actual: System crashes.,High,Blocker,Logging,Code Bug,Open,Fixed,Jane Smith,QA Tester,2025-04-01,2025-04-11,,Sprint 7 (2025)
QA-492,QA Defects,Bug,Memory leak observed under load test,Steps: Click logout. Expected: User should be redirected. Actual: Incorrect message displayed.,Low,Critical,Performance,Code Bug,Open,Won't Fix,Jane Smith,Test Engineer,2025-04-03,2025-04-09,2025-04-16,Sprint 7 (2025)
QA-493,QA Defects,Bug,Incorrect error message shown on invalid input,Steps: Navigate to dashboard. Expected: User should be redirected. Actual: Incorrect message displayed.,Low,Blocker,Validation,Configuration Issue,In Progress,,Alice Brown,Automation Bot,2025-04-04,2025-04-08,2025-04-15,Sprint 7 (2025)
QA-494,QA Defects,Bug,Export to CSV generates empty file,Steps: Submit form. Expected: User should be redirected. Actual: Data not saved.,Low,Blocker,Data Handling,Configuration Issue,Closed,,Mark Lee,Automation Bot,2025-04-05,2025-04-14,2025-04-22,Sprint 7 (2025)
QA-495,QA Defects,Bug,Incorrect calculation in reporting module,Steps: Submit form. Expected: Data should be saved. Actual: Page loads slowly.,Medium,Blocker,Reporting,Performance Issue,Closed,Won't Fix,Mark Lee,Automation Bot,2025-04-06,2025-04-16,2025-04-25,Sprint 7 (2025)
QA-496,QA Defects,Bug,Incorrect calculation in reporting module,Steps: Submit form. Expected: User should be redirected. Actual: Page loads slowly.,Low,Major,Reporting,Code Bug,Closed,Won't Fix,Mark Lee,QA Tester,2025-04-07,2025-04-17,2025-05-01,Sprint 7 (2025)
QA-497,QA Defects,Bug,UI alignment issue on mobile view,Steps: Open app. Expected: Response should be 200 OK. Actual: Incorrect message displayed.,High,Minor,UI,Environment Issue,In Progress,,Alice Brown,QA Tester,2025-04-08,2025-04-18,2025-04-29,Sprint 7 (2025)
QA-498,QA Defects,Bug,SQL query takes too long to execute,Steps: Click logout. Expected: System should work correctly. Actual: 500 error returned.,High,Blocker,Database,Memory Leak,In Progress,,Mark Lee,QA Tester,2025-04-10,2025-04-11,2025-04-17,Sprint 8 (2025)
QA-499,QA Defects,Bug,Application crashes on logout,Steps: Submit form. Expected: Data should be saved. Actual: Incorrect message displayed.,Medium,Major,Logging,Configuration Issue,Open,Duplicate,John Doe,Test Engineer,2025-04-11,2025-04-17,2025-04-25,Sprint 8 (2025)
QA-500,QA Defects,Bug,Memory leak observed under load test,Steps: Navigate to dashboard. Expected: System should work correctly. Actual: Page loads slowly.,Medium,Critical,Performance,Environment Issue,In Progress,,Mark Lee,Test Engineer,2025-04-12,2025-04-13,2025-04-24,Sprint 8 (2025)
QA-501,QA Defects,Bug,Dropdown options missing in settings,Steps: Navigate to dashboard. Expected: Data should be saved. Actual: Data not saved.,Low,Blocker,UI,Test Data Issue,Open,,Bob Johnson,Test Engineer,2025-04-13,2025-04-22,2025-04-24,Sprint 8 (2025)
QA-502,QA Defects,Bug,Cross-site scripting vulnerability in comments,Steps: Open app. Expected: Response should be 200 OK. Actual: Data not saved.,Medium,Minor,General Code Defect,Test Data Issue,In Progress,Won't Fix,Bob Johnson,QA Tester,2025-04-14,2025-04-24,2025-05-09,Sprint 8 (2025)
QA-503,QA Defects,Bug,Export to CSV generates empty file,Steps: Submit form. Expected: Response should be 200 OK. Actual: System crashes.,Medium,Major,Data Handling,Test Data Issue,Open,,Mark Lee,Test Engineer,2025-04-15,2025-04-22,2025-05-03,Sprint 8 (2025)
QA-504,QA Defects,Bug,Incorrect error message shown on invalid input,Steps: Open app. Expected: Response should be 200 OK. Actual: Incorrect message displayed.,High,Critical,Validation,Environment Issue,In Progress,Duplicate,Bob Johnson,Automation Bot,2025-04-17,2025-04-18,,Sprint 8 (2025)
QA-505,QA Defects,Bug,Incorrect calculation in reporting module,Steps: Click logout. Expected: Data should be saved. Actual: Data not saved.,Low,Critical,Reporting,Code Bug,Closed,Cannot Reproduce,Alice Brown,Automation Bot,2025-04-18,2025-04-26,2025-05-05,Sprint 8 (2025)
QA-506,QA Defects,Bug,Memory leak observed under load test,Steps: Click logout. Expected: Response should be 200 OK. Actual: Incorrect message displayed.,High,Blocker,Performance,Memory Leak,Resolved,Fixed,Mark Lee,QA Tester,2025-04-19,2025-04-29,2025-05-08,Sprint 8 (2025)
QA-507,QA Defects,Bug,API returns 500 error on valid request,Steps: Call API endpoint. Expected: Data should be saved. Actual: Data not saved.,High,Minor,API,Performance Issue,Closed,,Bob Johnson,QA Tester,2025-04-20,2025-04-29,2025-05-13,Sprint 8 (2025)
QA-508,QA Defects,Bug,Dropdown options missing in settings,Steps: Open app. Expected: Response should be 200 OK. Actual: System crashes.,Medium,Blocker,UI,Configuration Issue,Open,,Bob Johnson,QA Tester,2025-04-21,2025-04-30,,Sprint 8 (2025)
QA-509,QA Defects,Bug,Incorrect calculation in reporting module,Steps: Open app. Expected: User should be redirected. Actual: Incorrect message displayed.,High,Major,Reporting,Memory Leak,Open,Duplicate,Bob Johnson,Automation Bot,2025-04-22,2025-04-29,2025-05-11,Sprint 8 (2025)
QA-510,QA Defects,Bug,Page load takes more than 10 seconds,Steps: Open app. Expected: User should be redirected. Actual: 500 error returned.,High,Major,Performance,Memory Leak,Resolved,,John Doe,Automation Bot,2025-04-24,2025-04-25,2025-05-09,Sprint 9 (2025)
QA-511,QA Defects,Bug,Incorrect calculation in reporting module,Steps: Navigate to dashboard. Expected: Response should be 200 OK. Actual: System crashes.,Low,Critical,Reporting,Memory Leak,Resolved,Fixed,Mark Lee,Automation Bot,2025-04-25,2025-04-29,2025-05-02,Sprint 9 (2025)
QA-512,QA Defects,Bug,Dropdown options missing in settings,Steps: Click logout. Expected: User should be redirected. Actual: 500 error returned.,High,Minor,UI,Memory Leak,Resolved,,Mark Lee,Test Engineer,2025-04-26,2025-05-05,,Sprint 9 (2025)
QA-513,QA Defects,Bug,API returns 500 error on valid request,Steps: Open app. Expected: System should work correctly. Actual: Data not saved.,Low,Minor,API,Memory Leak,In Progress,Fixed,John Doe,Automation Bot,2025-04-27,2025-05-03,2025-05-07,Sprint 9 (2025)
QA-514,QA Defects,Bug,Incorrect error message shown on invalid input,Steps: Submit form. Expected: Response should be 200 OK. Actual: Data not saved.,High,Critical,Validation,Memory Leak,In Progress,Cannot Reproduce,Bob Johnson,Test Engineer,2025-04-28,2025-05-06,2025-05-12,Sprint 9 (2025)
QA-515,QA Defects,Bug,Cross-site scripting vulnerability in comments,Steps: Navigate to dashboard. Expected: Data should be saved. Actual: Page loads slowly.,Medium,Minor,General Code Defect,Code Bug,Closed,Fixed,John Doe,QA Tester,2025-04-29,2025-05-08,2025-05-20,Sprint 9 (2025)
QA-516,QA Defects,Bug,Incorrect error message shown on invalid input,Steps: Open app. Expected: System should work correctly. Actual: Incorrect message displayed.,Medium,Major,Validation,Test Data Issue,Resolved,Cannot Reproduce,Bob Johnson,QA Tester,2025-05-01,2025-05-10,2025-05-24,Sprint 9 (2025)
QA-517,QA Defects,Bug,Incorrect error message shown on invalid input,Steps: Open app. Expected: Response should be 200 OK. Actual: Incorrect message displayed.,High,Major,Validation,Performance Issue,In Progress,Won't Fix,John Doe,Test Engineer,2025-05-02,2025-05-10,2025-05-11,Sprint 9 (2025)
QA-518,QA Defects,Bug,API returns 500 error on valid request,Steps: Navigate to dashboard. Expected: User should be redirected. Actual: Incorrect message displayed.,High,Minor,API,Environment Issue,In Progress,,Alice Brown,Test Engineer,2025-05-03,2025-05-08,,Sprint 9 (2025)
QA-519,QA Defects,Bug,API returns 500 error on valid request,Steps: Navigate to dashboard. Expected: Response should be 200 OK. Actual: System crashes.,Medium,Critical,API,Performance Issue,In Progress,Won't Fix,Mark Lee,QA Tester,2025-05-04,2025-05-11,,Sprint 9 (2025)
QA-520,QA Defects,Bug,SQL query takes too long to execute,Steps: Open app. Expected: User should be redirected. Actual: Incorrect message displayed.,Medium,Critical,Database,Memory Leak,Open,,Alice Brown,QA Tester,2025-05-05,2025-05-06,2025-05-12,Sprint 9 (2025)
QA-521,QA Defects,Bug,Data not saved to database after form submit,Steps: Open app. Expected: Response should be 200 OK. Actual: Data not saved.,High,Major,Database,Test Data Issue,Resolved,Duplicate,Mark Lee,Automation Bot,2025-05-07,2025-05-11,2025-05-15,Sprint 10 (2025)
QA-522,QA Defects,Bug,User roles not applied correctly after update,Steps: Submit form. Expected: Data should be saved. Actual: Data not saved.,High,Critical,General Code Defect,Test Data Issue,Closed,Cannot Reproduce,Bob Johnson,Test Engineer,2025-05-08,2025-05-13,2025-05-14,Sprint 10 (2025)
QA-523,QA Defects,Bug,Application crashes on logout,Steps: Submit form. Expected: User should be redirected. Actual: Data not saved.,High,Major,Logging,Memory Leak,Resolved,,John Doe,Automation Bot,2025-05-09,2025-05-16,2025-05-23,Sprint 10 (2025)
QA-524,QA Defects,Bug,Cache not refreshed after deployment,Steps: Open app. Expected: Response should be 200 OK. Actual: Data not saved.,Low,Critical,DevOps,Environment Issue,Open,Fixed,Mark Lee,QA Tester,2025-05-10,2025-05-11,2025-05-12,Sprint 10 (2025)
QA-525,QA Defects,Bug,Dropdown options missing in settings,Steps: Navigate to dashboard. Expected: Response should be 200 OK. Actual: 500 error returned.,High,Major,UI,Configuration Issue,In Progress,Duplicate,John Doe,Automation Bot,2025-05-11,2025-05-16,2025-05-17,Sprint 10 (2025)
QA-526,QA Defects,Bug,Chart rendering breaks on dashboard,Steps: Open app. Expected: Data should be saved. Actual: Page loads slowly.,Low,Major,General Code Defect,Configuration Issue,Resolved,Fixed,Alice Brown,Test Engineer,2025-05-12,2025-05-22,2025-05-30,Sprint 10 (2025)
QA-527,QA Defects,Bug,Incorrect calculation in reporting module,Steps: Call API endpoint. Expected: System should work correctly. Actual: System crashes.,Medium,Critical,Reporting,Performance Issue,Closed,Cannot Reproduce,Alice Brown,Test Engineer,2025-05-14,2025-05-22,2025-05-28,Sprint 10 (2025)
QA-528,QA Defects,Bug,SQL query takes too long to execute,Steps: Navigate to dashboard. Expected: Data should be saved. Actual: System crashes.,Medium,Minor,Database,Environment Issue,Open,Fixed,Alice Brown,QA Tester,2025-05-15,2025-05-18,2025-05-27,Sprint 10 (2025)
QA-529,QA Defects,Bug,Chart rendering breaks on dashboard,Steps: Submit form. Expected: Response should be 200 OK. Actual: Data not saved.,Low,Critical,General Code Defect,Memory Leak,Resolved,Won't Fix,Jane Smith,Automation Bot,2025-05-16,2025-05-23,2025-06-01,Sprint 10 (2025)
QA-530,QA Defects,Bug,Page load takes more than 10 seconds,Steps: Submit form. Expected: Data should be saved. Actual: Data not saved.,High,Minor,Performance,Memory Leak,Closed,,Bob Johnson,Test Engineer,2025-05-17,2025-05-22,2025-05-23,Sprint 10 (2025)
QA-531,QA Defects,Bug,Search results not displayed correctly,Steps: Submit form. Expected: System should work correctly. Actual: Data not saved.,Medium,Critical,Data Handling,Performance Issue,In Progress,Cannot Reproduce,Mark Lee,Automation Bot,2025-05-18,2025-05-25,,Sprint 10 (2025)
QA-532,QA Defects,Bug,Dropdown options missing in settings,Steps: Call API endpoint. Expected: System should work correctly. Actual: Data not saved.,High,Minor,UI,Test Data Issue,Closed,Fixed,Alice Brown,Test Engineer,2025-05-19,2025-05-29,2025-06-10,Sprint 10 (2025)
QA-533,QA Defects,Bug,Incorrect error message shown on invalid input,Steps: Navigate to dashboard. Expected: User should be redirected. Actual: Data not saved.,Medium,Minor,Validation,Configuration Issue,In Progress,Fixed,John Doe,QA Tester,2025-05-21,2025-05-29,2025-06-13,Sprint 11 (2025)
QA-534,QA Defects,Bug,User roles not applied correctly after update,Steps: Navigate to dashboard. Expected: Data should be saved. Actual: Incorrect message displayed.,Low,Critical,General Code Defect,Performance Issue,In Progress,Duplicate,Mark Lee,Test Engineer,2025-05-22,2025-05-30,2025-06-06,Sprint 11 (2025)
QA-535,QA Defects,Bug,Password reset email not received,Steps: Submit form. Expected: Response should be 200 OK. Actual: 500 error returned.,High,Critical,Security,Test Data Issue,In Progress,Won't Fix,Alice Brown,QA Tester,2025-05-23,2025-05-29,2025-06-01,Sprint 11 (2025)
QA-536,QA Defects,Bug,Chart rendering breaks on dashboard,Steps: Submit form. Expected: User should be redirected. Actual: Data not saved.,Medium,Minor,General Code Defect,Performance Issue,In Progress,Duplicate,Alice Brown,QA Tester,2025-05-24,2025-05-27,2025-06-07,Sprint 11 (2025)
QA-537,QA Defects,Bug,Incorrect calculation in reporting module,Steps: Navigate to dashboard. Expected: User should be redirected. Actual: System crashes.,High,Blocker,Reporting,Performance Issue,Open,Won't Fix,Bob Johnson,Automation Bot,2025-05-25,2025-05-28,2025-06-07,Sprint 11 (2025)
QA-538,QA Defects,Bug,Cache not refreshed after deployment,Steps: Navigate to dashboard. Expected: Data should be saved. Actual: Data not saved.,High,Blocker,DevOps,Configuration Issue,Open,,Mark Lee,Automation Bot,2025-05-26,2025-05-27,2025-05-28,Sprint 11 (2025)
QA-539,QA Defects,Bug,Login button not responsive,Steps: Navigate to dashboard. Expected: User should be redirected. Actual: Page loads slowly.,Medium,Blocker,UI,Test Data Issue,Closed,Won't Fix,Jane Smith,Automation Bot,2025-05-28,2025-06-03,2025-06-10,Sprint 11 (2025)
QA-540,QA Defects,Bug,Data not saved to database after form submit,Steps: Navigate to dashboard. Expected: Data should be saved. Actual: Page loads slowly.,High,Blocker,Database,Test Data Issue,In Progress,Cannot Reproduce,Bob Johnson,Test Engineer,2025-05-29,2025-06-02,2025-06-06,Sprint 11 (2025)
QA-541,QA Defects,Bug,User roles not applied correctly after update,Steps: Call API endpoint. Expected: Response should be 200 OK. Actual: System crashes.,Medium,Blocker,General Code Defect,Code Bug,Resolved,Fixed,Bob Johnson,QA Tester,2025-05-30,2025-06-06,2025-06-17,Sprint 11 (2025)
QA-542,QA Defects,Bug,Data not saved to database after form submit,Steps: Navigate to dashboard. Expected: Data should be saved. Actual: 500 error returned.,Low,Major,Database,Environment Issue,Resolved,Won't Fix,Alice Brown,Automation Bot,2025-05-31,2025-06-03,2025-06-07,Sprint 11 (2025)
QA-543,QA Defects,Bug,Incorrect calculation in reporting module,Steps: Open app. Expected: System should work correctly. Actual: System crashes.,Low,Major,Reporting,Test Data Issue,Open,Duplicate,Mark Lee,Automation Bot,2025-06-01,2025-06-07,2025-06-17,Sprint 11 (2025)
QA-544,QA Defects,Bug,Session timeout not working as expected,Steps: Click logout. Expected: Data should be saved. Actual: Data not saved.,High,Critical,Performance,Performance Issue,In Progress,,Mark Lee,Automation Bot,2025-06-02,2025-06-09,2025-06-20,Sprint 11 (2025)
QA-545,QA Defects,Bug,Login button not responsive,Steps: Submit form. Expected: System should work correctly. Actual: System crashes.,Medium,Critical,UI,Configuration Issue,In Progress,Won't Fix,Bob Johnson,QA Tester,2025-06-04,2025-06-11,2025-06-25,Sprint 12 (2025)
QA-546,QA Defects,Bug,Login button not responsive,Steps: Navigate to dashboard. Expected: Response should be 200 OK. Actual: 500 error returned.,High,Minor,UI,Environment Issue,Resolved,Cannot Reproduce,Jane Smith,Test Engineer,2025-06-05,2025-06-10,2025-06-11,Sprint 12 (2025)
QA-547,QA Defects,Bug,Data not saved to database after form submit,Steps: Open app. Expected: Data should be saved. Actual: 500 error returned.,High,Critical,Database,Environment Issue,Open,,Mark Lee,Test Engineer,2025-06-06,2025-06-10,2025-06-11,Sprint 12 (2025)
QA-548,QA Defects,Bug,Data not saved to database after form submit,Steps: Call API endpoint. Expected: Data should be saved. Actual: Data not saved.,Low,Critical,Database,Code Bug,In Progress,Duplicate,Mark Lee,QA Tester,2025-06-07,2025-06-17,2025-06-20,Sprint 12 (2025)
QA-549,QA Defects,Bug,UI alignment issue on mobile view,Steps: Call API endpoint. Expected: User should be redirected. Actual: 500 error returned.,High,Critical,UI,Performance Issue,Closed,Duplicate,Mark Lee,Automation Bot,2025-06-08,2025-06-10,,Sprint 12 (2025)
QA-550,QA Defects,Bug,File upload fails for large files,Steps: Open app. Expected: System should work correctly. Actual: Data not saved.,High,Minor,Performance,Code Bug,Open,Cannot Reproduce,Mark Lee,QA Tester,2025-06-09,2025-06-11,2025-06-15,Sprint 12 (2025)
QA-551,QA Defects,Bug,Login button not responsive,Steps: Open app. Expected: Response should be 200 OK. Actual: Page loads slowly.,Low,Minor,UI,Environment Issue,Closed,Won't Fix,Jane Smith,Test Engineer,2025-06-11,2025-06-21,2025-07-06,Sprint 12 (2025)
QA-552,QA Defects,Bug,Login button not responsive,Steps: Click logout. Expected: Response should be 200 OK. Actual: 500 error returned.,Medium,Blocker,UI,Test Data Issue,Resolved,Fixed,John Doe,QA Tester,2025-06-12,2025-06-20,2025-06-29,Sprint 12 (2025)
QA-553,QA Defects,Bug,API returns 500 error on valid request,Steps: Click logout. Expected: System should work correctly. Actual: System crashes.,High,Major,API,Test Data Issue,In Progress,Won't Fix,Jane Smith,QA Tester,2025-06-13,2025-06-17,2025-06-21,Sprint 12 (2025)
QA-554,QA Defects,Bug,Login button not responsive,Steps: Submit form. Expected: Data should be saved. Actual: Page loads slowly.,Low,Minor,UI,Configuration Issue,In Progress,Cannot Reproduce,Jane Smith,Test Engineer,2025-06-14,2025-06-22,2025-07-04,Sprint 12 (2025)
QA-555,QA Defects,Bug,Incorrect calculation in reporting module,Steps: Submit form. Expected: User should be redirected. Actual: Data not saved.,Low,Minor,Reporting,Code Bug,Closed,Cannot Reproduce,Jane Smith,Test Engineer,2025-06-15,2025-06-23,2025-06-29,Sprint 12 (2025)
QA-556,QA Defects,Bug,User roles not applied correctly after update,Steps: Submit form. Expected: System should work correctly. Actual: Incorrect message displayed.,Low,Minor,General Code Defect,Memory Leak,Resolved,Won't Fix,Mark Lee,Test Engineer,2025-06-17,2025-06-25,2025-06-28,Sprint 12 (2025)
QA-557,QA Defects,Bug,Page load takes more than 10 seconds,Steps: Submit form. Expected: Data should be saved. Actual: Page loads slowly.,Medium,Blocker,Performance,Environment Issue,Closed,Won't Fix,Mark Lee,Test Engineer,2025-06-18,2025-06-23,,Sprint 13 (2025)
QA-558,QA Defects,Bug,Session timeout not working as expected,Steps: Open app. Expected: Data should be saved. Actual: Data not saved.,Low,Blocker,Performance,Configuration Issue,Resolved,Duplicate,Alice Brown,Automation Bot,2025-06-19,2025-06-25,,Sprint 13 (2025)
QA-559,QA Defects,Bug,Export to CSV generates empty file,Steps: Open app. Expected: Data should be saved. Actual: Incorrect message displayed.,High,Blocker,Data Handling,Configuration Issue,Resolved,Duplicate,Alice Brown,Automation Bot,2025-06-20,2025-06-27,,Sprint 13 (2025)
QA-560,QA Defects,Bug,Dropdown options missing in settings,Steps: Click logout. Expected: System should work correctly. Actual: Page loads slowly.,Medium,Critical,UI,Test Data Issue,Open,Cannot Reproduce,Mark Lee,Test Engineer,2025-06-21,2025-06-26,2025-07-11,Sprint 13 (2025)
QA-561,QA Defects,Bug,Cross-site scripting vulnerability in comments,Steps: Click logout. Expected: User should be redirected. Actual: System crashes.,Medium,Blocker,General Code Defect,Configuration Issue,Resolved,Cannot Reproduce,John Doe,QA Tester,2025-06-22,2025-06-29,2025-07-03,Sprint 13 (2025)
QA-562,QA Defects,Bug,Password reset email not received,Steps: Click logout. Expected: System should work correctly. Actual: Data not saved.,Medium,Blocker,Security,Memory Leak,Open,Cannot Reproduce,Jane Smith,Test Engineer,2025-06-24,2025-06-28,,Sprint 13 (2025)
QA-563,QA Defects,Bug,API returns 500 error on valid request,Steps: Call API endpoint. Expected: Response should be 200 OK. Actual: Data not saved.,Medium,Minor,API,Environment Issue,In Progress,Duplicate,Alice Brown,Test Engineer,2025-06-25,2025-07-03,,Sprint 13 (2025)
QA-564,QA Defects,Bug,Page load takes more than 10 seconds,Steps: Navigate to dashboard. Expected: Data should be saved. Actual: Incorrect message displayed.,High,Minor,Performance,Performance Issue,In Progress,Won't Fix,Mark Lee,Automation Bot,2025-06-26,2025-07-03,2025-07-05,Sprint 13 (2025)
QA-565,QA Defects,Bug,Session timeout not working as expected,Steps: Navigate to dashboard. Expected: User should be redirected. Actual: 500 error returned.,Medium,Critical,Performance,Memory Leak,Closed,Duplicate,Alice Brown,QA Tester,2025-06-27,2025-07-01,2025-07-13,Sprint 13 (2025)
QA-566,QA Defects,Bug,User roles not applied correctly after update,Steps: Submit form. Expected: System should work correctly. Actual: Page loads slowly.,High,Minor,General Code Defect,Test Data Issue,In Progress,Fixed,Mark Lee,Automation Bot,2025-06-28,2025-07-03,2025-07-18,Sprint 13 (2025)
QA-567,QA Defects,Bug,User roles not applied correctly after update,Steps: Navigate to dashboard. Expected: System should work correctly. Actual: 500 error returned.,High,Major,General Code Defect,Performance Issue,Closed,Duplicate,Jane Smith,Test Engineer,2025-06-29,2025-07-04,,Sprint 13 (2025)
QA-568,QA Defects,Bug,Page load takes more than 10 seconds,Steps: Click logout. Expected: System should work correctly. Actual: Incorrect message displayed.,High,Major,Performance,Configuration Issue,Open,Duplicate,Jane Smith,Automation Bot,2025-07-01,2025-07-06,2025-07-09,Sprint 13 (2025)
QA-569,QA Defects,Bug,UI alignment issue on mobile view,Steps: Open app. Expected: Response should be 200 OK. Actual: System crashes.,Medium,Minor,UI,Code Bug,In Progress,Won't Fix,Jane Smith,QA Tester,2025-07-02,2025-07-03,2025-07-10,Sprint 14 (2025)
QA-570,QA Defects,Bug,Search results not displayed correctly,Steps: Navigate to dashboard. Expected: Response should be 200 OK. Actual: System crashes.,High,Major,Data Handling,Performance Issue,Closed,Cannot Reproduce,Alice Brown,Test Engineer,2025-07-03,2025-07-05,2025-07-09,Sprint 14 (2025)
QA-571,QA Defects,Bug,UI alignment issue on mobile view,Steps: Open app. Expected: System should work correctly. Actual: Page loads slowly.,High,Blocker,UI,Code Bug,Closed,Fixed,Bob Johnson,QA Tester,2025-07-04,2025-07-06,,Sprint 14 (2025)
QA-572,QA Defects,Bug,Page load takes more than 10 seconds,Steps: Call API endpoint. Expected: Response should be 200 OK. Actual: 500 error returned.,Low,Major,Performance,Performance Issue,In Progress,,Alice Brown,Automation Bot,2025-07-05,2025-07-13,2025-07-19,Sprint 14 (2025)
QA-573,QA Defects,Bug,Data not saved to database after form submit,Steps: Call API endpoint. Expected: User should be redirected. Actual: Incorrect message displayed.,High,Major,Database,Memory Leak,Open,,Alice Brown,Test Engineer,2025-07-06,2025-07-14,2025-07-27,Sprint 14 (2025)
QA-574,QA Defects,Bug,Password reset email not received,Steps: Click logout. Expected: Data should be saved. Actual: Page loads slowly.,Medium,Blocker,Security,Memory Leak,Open,Cannot Reproduce,Alice Brown,QA Tester,2025-07-08,2025-07-17,2025-07-26,Sprint 14 (2025)
QA-575,QA Defects,Bug,UI alignment issue on mobile view,Steps: Call API endpoint. Expected: Response should be 200 OK. Actual: 500 error returned.,Low,Blocker,UI,Environment Issue,Resolved,Fixed,Bob Johnson,Automation Bot,2025-07-09,2025-07-14,2025-07-19,Sprint 14 (2025)
QA-576,QA Defects,Bug,Chart rendering breaks on dashboard,Steps: Open app. Expected: System should work correctly. Actual: Page loads slowly.,High,Blocker,General Code Defect,Test Data Issue,In Progress,Cannot Reproduce,Jane Smith,Test Engineer,2025-07-10,2025-07-16,2025-07-19,Sprint 14 (2025)
QA-577,QA Defects,Bug,Incorrect calculation in reporting module,Steps: Submit form. Expected: User should be redirected. Actual: 500 error returned.,Low,Critical,Reporting,Configuration Issue,Open,Won't Fix,Jane Smith,Test Engineer,2025-07-11,2025-07-21,2025-07-23,Sprint 14 (2025)
QA-578,QA Defects,Bug,User roles not applied correctly after update,Steps: Click logout. Expected: Data should be saved. Actual: Page loads slowly.,Medium,Blocker,General Code Defect,Configuration Issue,Open,,Alice Brown,Automation Bot,2025-07-12,2025-07-17,2025-07-24,Sprint 14 (2025)
QA-579,QA Defects,Bug,Data not saved to database after form submit,Steps: Open app. Expected: Response should be 200 OK. Actual: 500 error returned.,Medium,Critical,Database,Performance Issue,Open,,John Doe,QA Tester,2025-07-13,2025-07-15,,Sprint 14 (2025)
QA-580,QA Defects,Bug,Password reset email not received,Steps: Navigate to dashboard. Expected: Response should be 200 OK. Actual: System crashes.,High,Minor,Security,Configuration Issue,Closed,Duplicate,Alice Brown,Automation Bot,2025-07-15,2025-07-16,2025-07-19,Sprint 14 (2025)
QA-581,QA Defects,Bug,Dropdown options missing in settings,Steps: Navigate to dashboard. Expected: System should work correctly. Actual: Page loads slowly.,Medium,Blocker,UI,Environment Issue,Closed,Cannot Reproduce,Mark Lee,Test Engineer,2025-07-16,2025-07-22,,Sprint 15 (2025)
QA-582,QA Defects,Bug,Chart rendering breaks on dashboard,Steps: Call API endpoint. Expected: User should be redirected. Actual: System crashes.,Low,Critical,General Code Defect,Test Data Issue,Resolved,Duplicate,John Doe,Automation Bot,2025-07-17,2025-07-24,2025-08-08,Sprint 15 (2025)
QA-583,QA Defects,Bug,Password reset email not received,Steps: Open app. Expected: User should be redirected. Actual: 500 error returned.,High,Minor,Security,Performance Issue,Open,Won't Fix,Jane Smith,QA Tester,2025-07-18,2025-07-20,,Sprint 15 (2025)
QA-584,QA Defects,Bug,SQL query takes too long to execute,Steps: Click logout. Expected: User should be redirected. Actual: Data not saved.,Low,Major,Database,Memory Leak,In Progress,Fixed,Mark Lee,QA Tester,2025-07-19,2025-07-21,2025-07-23,Sprint 15 (2025)
QA-585,QA Defects,Bug,SQL query takes too long to execute,Steps: Click logout. Expected: Data should be saved. Actual: 500 error returned.,Medium,Minor,Database,Performance Issue,Open,Won't Fix,Mark Lee,Automation Bot,2025-07-20,2025-07-22,2025-07-28,Sprint 15 (2025)
QA-586,QA Defects,Bug,Session timeout not working as expected,Steps: Call API endpoint. Expected: Response should be 200 OK. Actual: System crashes.,Low,Major,Performance,Performance Issue,Open,Cannot Reproduce,Mark Lee,QA Tester,2025-07-22,2025-07-29,2025-08-03,Sprint 15 (2025)
QA-587,QA Defects,Bug,Session timeout not working as expected,Steps: Navigate to dashboard. Expected: User should be redirected. Actual: System crashes.,High,Critical,Performance,Test Data Issue,Open,Fixed,John Doe,Test Engineer,2025-07-23,2025-07-25,2025-08-04,Sprint 15 (2025)
QA-588,QA Defects,Bug,Memory leak observed under load test,Steps: Call API endpoint. Expected: Response should be 200 OK. Actual: Page loads slowly.,High,Critical,Performance,Test Data Issue,Open,,John Doe,QA Tester,2025-07-24,2025-08-01,,Sprint 15 (2025)
QA-589,QA Defects,Bug,File upload fails for large files,Steps: Open app. Expected: User should be redirected. Actual: System crashes.,High,Blocker,Performance,Configuration Issue,In Progress,Won't Fix,Bob Johnson,Test Engineer,2025-07-25,2025-08-02,2025-08-08,Sprint 15 (2025)
QA-590,QA Defects,Bug,Application crashes on logout,Steps: Navigate to dashboard. Expected: System should work correctly. Actual: Data not saved.,Medium,Major,Logging,Environment Issue,Open,Cannot Reproduce,Jane Smith,Test Engineer,2025-07-26,2025-08-05,2025-08-19,Sprint 15 (2025)
QA-591,QA Defects,Bug,API returns 500 error on valid request,Steps: Click logout. Expected: Data should be saved. Actual: Incorrect message displayed.,Medium,Major,API,Configuration Issue,Open,,Mark Lee,QA Tester,2025-07-28,2025-08-06,2025-08-11,Sprint 15 (2025)
QA-592,QA Defects,Bug,Login button not responsive,Steps: Open app. Expected: System should work correctly. Actual: Data not saved.,High,Major,UI,Memory Leak,Open,Fixed,Alice Brown,Automation Bot,2025-07-29,2025-08-08,2025-08-20,Sprint 15 (2025)
QA-593,QA Defects,Bug,Application crashes on logout,Steps: Navigate to dashboard. Expected: Response should be 200 OK. Actual: 500 error returned.,Medium,Major,Logging,Test Data Issue,In Progress,,Mark Lee,Automation Bot,2025-07-30,2025-07-31,2025-08-07,Sprint 16 (2025)
QA-594,QA Defects,Bug,Incorrect calculation in reporting module,Steps: Navigate to dashboard. Expected: User should be redirected. Actual: System crashes.,Medium,Minor,Reporting,Performance Issue,Closed,,Jane Smith,Automation Bot,2025-07-31,2025-08-01,2025-08-05,Sprint 16 (2025)
QA-595,QA Defects,Bug,Login button not responsive,Steps: Click logout. Expected: System should work correctly. Actual: Page loads slowly.,Low,Major,UI,Code Bug,In Progress,Duplicate,Alice Brown,Test Engineer,2025-08-01,2025-08-03,2025-08-06,Sprint 16 (2025)
QA-596,QA Defects,Bug,Incorrect calculation in reporting module,Steps: Click logout. Expected: System should work correctly. Actual: 500 error returned.,Medium,Minor,Reporting,Performance Issue,Closed,Cannot Reproduce,Mark Lee,QA Tester,2025-08-02,2025-08-10,2025-08-11,Sprint 16 (2025)
QA-597,QA Defects,Bug,SQL query takes too long to execute,Steps: Navigate to dashboard. Expected: System should work correctly. Actual: 500 error returned.,High,Critical,Database,Code Bug,Closed,Cannot Reproduce,Bob Johnson,Automation Bot,2025-08-04,2025-08-09,2025-08-10,Sprint 16 (2025)
QA-598,QA Defects,Bug,Cache not refreshed after deployment,Steps: Open app. Expected: Response should be 200 OK. Actual: 500 error returned.,High,Critical,DevOps,Configuration Issue,Open,Duplicate,Alice Brown,Test Engineer,2025-08-05,2025-08-07,2025-08-19,Sprint 16 (2025)
QA-599,QA Defects,Bug,User roles not applied correctly after update,Steps: Navigate to dashboard. Expected: Response should be 200 OK. Actual: System crashes.,Low,Major,General Code Defect,Memory Leak,In Progress,Cannot Reproduce,John Doe,Test Engineer,2025-08-06,2025-08-13,2025-08-24,Sprint 16 (2025)
QA-600,QA Defects,Bug,Page load takes more than 10 seconds,Steps: Open app. Expected: System should work correctly. Actual: Page loads slowly.,High,Minor,Performance,Performance Issue,Resolved,Fixed,John Doe,Test Engineer,2025-08-07,2025-08-09,2025-08-21,Sprint 16 (2025)
QA-200,QA Defects,Bug,Dark mode UI not applying to all pages,Steps: Navigate to dark module. Expected: Should work correctly. Actual: Dark mode UI not applying to all pages.,Medium,Critical,UI,Design Gap,In Progress,,Jane Smith,Developer,2025-08-08,2025-08-10,2025-08-15,Sprint 16 (2025)
QA-201,QA Defects,Bug,Search results not sorted correctly,Steps: Navigate to search module. Expected: Should work correctly. Actual: Search results not sorted correctly.,High,Critical,Data Handling,Code Bug,Reopened,,Jane Smith,Test Engineer,2025-08-09,2025-08-13,2025-08-24,Sprint 16 (2025)
QA-202,QA Defects,Bug,API returns 500 error on valid request,Steps: Navigate to api module. Expected: Should work correctly. Actual: API returns 500 error on valid request.,Low,Blocker,API,Configuration Issue,Open,,Sarah Brown,Automation Bot,2025-08-11,2025-08-13,,Sprint 16 (2025)
QA-203,QA Defects,Bug,Session timeout not enforced properly,Steps: Navigate to session module. Expected: Should work correctly. Actual: Session timeout not enforced properly.,Low,Blocker,Performance,Design Gap,Reopened,,John Doe,Developer,2025-08-12,2025-08-20,2025-08-30,Sprint 16 (2025)
QA-204,QA Defects,Bug,Build pipeline fails intermittently,Steps: Navigate to build module. Expected: Should work correctly. Actual: Build pipeline fails intermittently.,Low,Blocker,UI,Integration Failure,Reopened,,Sarah Brown,Test Engineer,2025-08-13,2025-08-15,,Sprint 17 (2025)
QA-205,QA Defects,Bug,Notification emails not triggered,Steps: Navigate to notification module. Expected: Should work correctly. Actual: Notification emails not triggered.,Medium,Critical,Notification Service,Missing Validation,Open,,Sarah Brown,QA Tester,2025-08-14,2025-08-15,2025-08-21,Sprint 17 (2025)
QA-206,QA Defects,Bug,Session timeout not enforced properly,Steps: Navigate to session module. Expected: Should work correctly. Actual: Session timeout not enforced properly.,High,Minor,Performance,Race Condition,Resolved,Fixed,Jane Smith,Automation Bot,2025-08-15,2025-08-21,2025-09-03,Sprint 17 (2025)
QA-207,QA Defects,Bug,Session timeout not enforced properly,Steps: Navigate to session module. Expected: Should work correctly. Actual: Session timeout not enforced properly.,Low,Blocker,Performance,Configuration Issue,Resolved,Fixed,Jane Smith,Test Engineer,2025-08-16,2025-08-22,2025-08-31,Sprint 17 (2025)
QA-208,QA Defects,Bug,Memory leak observed after prolonged usage,Steps: Navigate to memory module. Expected: Should work correctly. Actual: Memory leak observed after prolonged usage.,High,Minor,Performance,Configuration Issue,Reopened,,John Doe,Automation Bot,2025-08-18,2025-08-26,2025-09-08,Sprint 17 (2025)
QA-209,QA Defects,Bug,Data export to CSV missing some fields,Steps: Navigate to data module. Expected: Should work correctly. Actual: Data export to CSV missing some fields.,Medium,Critical,Data Handling,Race Condition,Closed,Won't Fix,Mark Lee,Automation Bot,2025-08-19,2025-08-25,2025-09-01,Sprint 17 (2025)
QA-210,QA Defects,Bug,Memory leak observed after prolonged usage,Steps: Navigate to memory module. Expected: Should work correctly. Actual: Memory leak observed after prolonged usage.,Low,Blocker,Performance,Code Bug,In Progress,,John Doe,QA Tester,2025-08-20,2025-08-30,2025-09-08,Sprint 17 (2025)
QA-211,QA Defects,Bug,API returns 500 error on valid request,Steps: Navigate to api module. Expected: Should work correctly. Actual: API returns 500 error on valid request.,High,Blocker,API,Code Bug,In Progress,,QA Bot,Developer,2025-08-21,2025-08-25,2025-09-03,Sprint 17 (2025)
QA-212,QA Defects,Bug,Notification emails not triggered,Steps: Navigate to notification module. Expected: Should work correctly. Actual: Notification emails not triggered.,High,Blocker,Notification Service,Design Gap,Reopened,,Jane Smith,Automation Bot,2025-08-22,2025-08-25,,Sprint 17 (2025)
QA-213,QA Defects,Bug,API returns 500 error on valid request,Steps: Navigate to api module. Expected: Should work correctly. Actual: API returns 500 error on valid request.,Medium,Critical,API,Integration Failure,Resolved,Cannot Reproduce,Jane Smith,QA Tester,2025-08-23,2025-09-02,2025-09-11,Sprint 17 (2025)
QA-214,QA Defects,Bug,Audit log not capturing user activities,Steps: Navigate to audit module. Expected: Should work correctly. Actual: Audit log not capturing user activities.,Low,Minor,Logging,Design Gap,Reopened,,Jane Smith,Developer,2025-08-25,2025-09-02,2025-09-11,Sprint 17 (2025)
QA-215,QA Defects,Bug,Data export to CSV missing some fields,Steps: Navigate to data module. Expected: Should work correctly. Actual: Data export to CSV missing some fields.,Low,Major,Data Handling,Code Bug,In Progress,,Sarah Brown,QA Tester,2025-08-26,2025-08-30,2025-09-08,Sprint 17 (2025)
QA-216,QA Defects,Bug,Dark mode UI not applying to all pages,Steps: Navigate to dark module. Expected: Should work correctly. Actual: Dark mode UI not applying to all pages.,Medium,Minor,UI,Race Condition,In Progress,,John Doe,Automation Bot,2025-08-27,2025-09-01,2025-09-15,Sprint 18 (2025)
QA-217,QA Defects,Bug,Dark mode UI not applying to all pages,Steps: Navigate to dark module. Expected: Should work correctly. Actual: Dark mode UI not applying to all pages.,High,Blocker,UI,Security Misconfiguration,Closed,Duplicate,John Doe,Automation Bot,2025-08-28,2025-08-29,,Sprint 18 (2025)
QA-218,QA Defects,Bug,Data export to CSV missing some fields,Steps: Navigate to data module. Expected: Should work correctly. Actual: Data export to CSV missing some fields.,Low,Blocker,Data Handling,Code Bug,Closed,,John Doe,Developer,2025-08-29,2025-08-30,2025-09-14,Sprint 18 (2025)
QA-219,QA Defects,Bug,Build pipeline fails intermittently,Steps: Navigate to build module. Expected: Should work correctly. Actual: Build pipeline fails intermittently.,Low,Blocker,UI,Security Misconfiguration,Reopened,,John Doe,Test Engineer,2025-08-31,2025-09-03,2025-09-16,Sprint 18 (2025)
